#OTU ID	2A01S1	2A01S2	2A01S3	2A10S3	2A12B1	2A12B2	2A12B3	2A12S1	2A12S2	2A12S3	2B01S1	2B01S2	2B02S1	2B02S2	2B03B1	2B03B2	2B03B3	2B03S1	2B03S2	2B03S3	301B1	301B2	301B3	301S1	301S2	301S3	302S1	302S2	302S3	303S1	303S2	303S3	M01S1	M01S2	M01S3	M02S1	M04S1	M04S2	M04S3	M06S2	M06S3	M07S1	M07S2	M08B1	M08S2	M08S3	M11S1	M11S2	M11S3	M15S1	M15S2	M15S3	M16S2	M16S3	M19S1	M19S2	M19S3	M20B1	M20B2	M20B3	M22S1	M22S2	M22S3	M24S1	M24S2	M24S3	M26S1	M26S2	M28S1	M28S2	M28S3	M30B1	M30B2	M30B3	M30S1	M30S2	M32B1	M32B2	M32B3	M32S2	M32S3	PCR_blank_001	PCR_blank_002	Kingdom	K_probability	Phylum	phylum	P_probability	Class	class	Class_Probability	Order	order	O_Probability	Family	family	F_probability	Genus	genus	G_probability	Species	species	prob
c8abb71c047aa4ed99f29aba39764e10	0	0	5	0	0	0	0	0	0	0	0	0	0	0	0	0	0	0	0	0	0	0	0	0	0	0	0	0	0	0	0	0	4	0	0	5	5	5	0	8	4	8	0	0	0	0	0	0	0	0	0	4	0	0	0	7	5	0	0	0	0	0	0	0	0	0	0	0	0	0	0	0	0	0	0	0	0	0	0	0	0	0	0	Metazoa	1	Annelida	phylum	1	Clitellata	class	1	Tubificida	order	1	Naididae	family	1	Paranais	genus	1	Paranais_litoralis	species	1
7b730de4d53ea1a0e5469eebfabe3315	5	6	0	0	0	0	0	0	0	0	0	0	0	0	0	0	0	0	0	0	0	0	0	0	0	0	0	0	0	0	0	0	0	7	0	0	2	0	11	9	0	0	0	0	13	3	0	0	9	0	0	0	13	0	0	11	7	0	10	4	0	2	0	0	0	0	0	0	0	0	0	17	0	0	0	0	0	0	0	0	0	0	0	Metazoa	1	Annelida	phylum	0.99	Polychaeta	class	0.99	Spionida	order	0.98	Spionidae	family	0.98	Streblospio	genus	0.98	Streblospio_benedicti	species	0.98
5b8f4427b8af3683e72126afc3992a10	0	0	0	0	0	0	0	0	0	0	0	0	0	0	0	0	0	0	0	0	0	0	0	0	0	0	0	0	0	0	0	0	0	0	0	0	0	0	0	0	0	0	0	0	464	0	0	0	0	0	0	0	0	0	0	0	0	0	0	0	0	0	0	0	0	0	0	0	0	0	0	0	0	0	0	0	0	0	0	0	0	0	0	Metazoa	1	Annelida	phylum	0.99	Polychaeta	class	0.99	undef_Polychaeta	order	0.99	Capitellidae	family	0.99	Capitella	genus	0.99	Capitella_capitata	species	0.99
220cb0e29fb4bdd57305cb58c0165a53	0	0	0	0	0	0	0	0	0	0	0	0	0	0	0	0	0	0	0	0	0	0	0	0	0	0	0	0	0	0	0	0	0	0	0	0	0	0	0	0	0	0	0	0	0	0	0	0	0	0	0	0	0	77	0	0	0	0	0	0	0	0	0	0	0	0	0	0	0	0	0	0	0	0	0	0	0	0	0	0	0	0	0	Metazoa	1	Annelida	phylum	0.99	Polychaeta	class	0.99	undef_Polychaeta	order	0.99	Capitellidae	family	0.99	Capitella	genus	0.99	Capitella_capitata	species	0.99
c75b921988e659f98c23bf83495be2c0	0	0	0	0	0	0	0	0	0	0	0	0	0	0	0	0	0	0	0	0	0	0	0	0	0	0	0	0	0	0	0	0	0	0	0	0	0	0	0	0	0	0	0	0	0	0	0	0	0	0	0	0	0	0	0	0	0	0	0	0	0	0	0	0	0	0	0	0	0	0	0	0	0	0	0	0	0	0	0	0	69	0	0	Metazoa	1	Annelida	phylum	0.99	Polychaeta	class	0.99	undef_Polychaeta	order	0.99	Capitellidae	family	0.99	Capitella	genus	0.99	Capitella_capitata	species	0.99
d91d95a449fc69b96201fba6c09bd1d8	0	0	0	0	0	0	0	13	0	0	0	0	0	0	0	0	0	0	0	0	0	0	33838	0	48	0	0	0	0	0	0	0	0	0	0	0	0	0	0	0	0	0	0	0	0	0	0	0	0	0	0	0	0	0	0	0	0	0	0	0	0	0	0	38	0	0	0	0	0	0	0	0	0	0	0	0	0	0	0	0	0	0	0	Metazoa	1	Annelida	phylum	1	Polychaeta	class	1	undef_Polychaeta	order	1	Capitellidae	family	1	Capitella	genus	1	Capitella_capitata	species	1
fd01bbd4178e82e494bf5d369bead620	0	0	0	0	0	0	0	0	20264	0	0	0	0	0	0	0	0	0	0	0	0	0	0	0	0	0	0	0	0	0	0	0	0	0	0	0	0	0	0	0	0	0	0	0	0	0	0	0	0	0	0	0	0	0	0	0	0	0	0	0	0	0	0	0	0	0	0	0	0	0	0	0	0	0	0	0	0	0	0	0	0	0	0	Metazoa	1	Annelida	phylum	1	Polychaeta	class	1	undef_Polychaeta	order	1	Capitellidae	family	1	Capitella	genus	1	Capitella_capitata	species	1
a8c4f54f955bb059eae0f5174d7eebb8	0	0	0	0	0	0	0	0	0	0	0	0	0	0	0	0	0	0	0	0	0	0	0	0	0	0	0	0	0	0	0	0	0	0	0	0	174	0	7	4	631	4	0	0	0	0	4	0	16	12	0	0	0	0	3	0	0	0	0	0	4	0	1019	0	0	0	0	0	0	0	0	0	0	0	0	0	0	0	0	0	0	0	0	Metazoa	1	Annelida	phylum	1	Polychaeta	class	1	Spionida	order	1	Spionidae	family	1	Polydora_segmented_worms	genus	1	Polydora_cornuta	species	1
2d150f1429ce36af188a3ec62528ada5	0	0	0	0	0	0	17	24	22	0	0	0	0	10	11	22	0	0	0	0	0	0	13	0	5	0	0	0	0	0	0	0	0	0	0	0	0	0	0	0	0	0	0	0	0	0	0	0	0	0	9	0	0	0	0	8	0	0	0	0	0	0	7	20	15	0	20	0	0	5	0	417	0	0	0	0	0	0	34	0	0	0	0	Metazoa	1	Annelida	phylum	1	Polychaeta	class	1	Terebellida	order	1	Trichobranchidae	family	1	Terebellides	genus	1	Terebellides_stroemii_CMC01	species	1
2db6e658512328338add704eee32df66	0	0	0	0	0	0	0	0	0	0	0	0	0	0	0	0	0	0	0	0	0	0	0	0	0	0	0	0	0	0	0	0	0	0	0	0	0	0	0	0	0	0	0	0	0	0	0	0	0	0	0	0	0	0	0	0	0	0	0	0	0	0	0	0	146	0	0	0	0	0	0	0	0	0	0	0	0	0	0	0	0	0	0	Metazoa	1	Annelida	phylum	1	Polychaeta	class	1	undef_Polychaeta	order	1	Capitellidae	family	1	Capitella	genus	1	Capitella_capitata	species	1
61c73c811fcf98e076b0c1c35922b68c	0	0	0	0	0	0	0	0	0	0	0	0	0	0	0	0	0	0	0	0	0	0	0	0	0	0	0	0	691	0	0	0	0	0	0	0	0	0	0	0	0	0	0	0	0	0	0	0	0	0	0	0	0	0	0	0	0	0	0	0	0	0	0	0	0	0	0	0	0	0	0	0	0	0	0	0	0	0	0	0	0	0	0	Metazoa	1	Arthropoda	phylum	1	Branchiopoda	class	1	Diplostraca	order	1	Podonidae	family	1	Pleopis	genus	1	Pleopis_polyphemoides	species	1
82a283c9388543f1c21cc192ff24cfda	0	0	0	44	0	12	17	7	10	69	0	186	19	39	10	80	36	31	86	0	8	14	22	0	0	47	0	143	19	0	9	18	0	0	0	0	0	0	14	25	185	73	29	0	22	7	0	16	20	0	10	0	0	197	50	127	49	0	0	49	11	0	28	0	0	373	45	68	0	18	219	4	31	23	69	0	0	0	0	69	175	0	0	Metazoa	1	Arthropoda	phylum	0.99	Hexanauplia	class	0.95	Calanoida	order	0.95	Acartiidae	family	0.94	Acartia	genus	0.94	Acartia_tonsa	species	0.81
55bd4769ec11973086bcfc144629456a	0	0	0	0	0	0	0	0	0	0	0	0	0	0	0	0	0	0	0	0	0	0	0	0	0	0	0	0	0	0	0	0	0	0	0	0	0	0	0	0	0	0	0	0	0	0	0	0	0	0	0	0	0	0	0	0	0	0	0	0	0	0	0	0	0	0	0	0	0	0	0	0	0	0	0	71	0	0	0	0	0	0	0	Metazoa	1	Arthropoda	phylum	1	Hexanauplia	class	1	Calanoida	order	1	Centropagidae	family	1	Centropages	genus	1	Centropages_typicus	species	0.98
0071e559ec3f48e6b3d55743a6343d08	0	130	18	49	0	0	23	37	0	17	11	252	24	60	0	0	18	0	12	0	27	0	0	0	73	0	84	78	0	18	107	0	0	0	0	0	0	0	59	4	0	0	0	0	0	0	0	0	0	0	0	0	0	31	237	0	0	0	9	0	11	0	0	0	0	0	0	0	0	10	0	0	251	0	12	64	0	0	1073	0	36	0	0	Metazoa	1	Arthropoda	phylum	1	Hexanauplia	class	1	Cyclopoida	order	1	Oithonidae	family	1	Oithona	genus	1	Oithona_similis	species	1
0e57e9a1e9616e7ad50ae53788ed3993	0	0	0	0	0	0	0	0	0	0	0	0	0	0	0	0	0	0	0	0	0	0	0	0	0	0	0	0	0	0	0	0	0	0	0	0	0	0	0	0	0	0	0	0	0	0	0	0	0	0	0	0	0	0	0	0	0	0	0	0	0	0	0	0	0	0	0	0	0	0	0	0	753	0	0	0	0	0	0	0	0	0	0	Metazoa	1	Arthropoda	phylum	1	Hexanauplia	class	1	Calanoida	order	1	Centropagidae	family	1	Centropages	genus	1	Centropages_typicus	species	1
bb35c3f378e0b676e40a473e70216f9c	0	0	0	0	0	0	0	0	0	0	0	0	0	0	0	0	0	0	0	0	0	0	0	0	0	0	0	0	0	0	0	0	0	3	0	0	0	0	0	76	0	70	9	0	0	0	0	0	68	0	114	0	0	0	131	0	0	0	0	0	0	0	0	0	0	0	0	0	0	0	0	0	0	0	0	0	0	0	0	0	0	0	0	Metazoa	1	Arthropoda	phylum	1	Hexanauplia	class	1	Calanoida	order	1	Acartiidae	family	1	Acartia	genus	1	Acartia_tonsa	species	1
982bae1011d8ce14a2e7c169f2826d80	147	0	0	0	0	0	0	0	0	0	0	0	0	0	0	0	0	0	0	0	0	0	0	0	16	13	0	0	0	0	6	0	0	0	0	0	0	0	0	0	0	0	0	0	0	0	0	0	0	0	0	0	0	0	0	0	0	0	0	0	0	0	0	0	0	0	0	0	0	0	0	0	172	0	0	0	0	0	0	0	0	0	0	Metazoa	1	Arthropoda	phylum	1	Hexanauplia	class	1	Calanoida	order	1	Clausocalanidae	family	1	Pseudocalanus	genus	1	Pseudocalanus_moultoni	species	1
2051c0f187cbbe4e099fedcdfcec1637	0	0	5	0	0	0	0	0	0	0	0	0	0	0	0	0	0	0	0	0	0	55	0	0	0	0	40	0	0	39	70	0	0	0	0	0	0	0	0	0	0	0	0	0	0	0	0	0	0	0	0	0	0	0	0	0	0	0	0	0	0	0	0	12	0	8	0	14	0	0	0	0	0	10	3	21	0	0	0	27	0	0	0	Metazoa	1	Arthropoda	phylum	1	Hexanauplia	class	1	Calanoida	order	1	Paracalanidae	family	1	Paracalanus	genus	1	Paracalanus_parvus	species	1
7756165aac57274b82c8454b1a118d1d	0	0	0	0	191	0	0	0	0	0	0	0	0	0	0	0	0	0	67	0	0	0	0	0	0	0	0	0	0	0	0	0	0	0	0	0	0	0	0	0	0	0	0	0	0	0	0	0	0	0	0	0	0	0	0	0	0	0	4	5	0	0	0	0	0	0	0	0	0	0	0	0	0	0	0	0	0	0	0	0	0	0	0	Metazoa	1	Arthropoda	phylum	1	Hexanauplia	class	1	Calanoida	order	1	Paracalanidae	family	1	Paracalanus	genus	1	Paracalanus_parvus	species	1
10de758c79c096baedd0057e03c0cc62	0	0	0	0	0	0	183	0	0	0	0	0	0	0	0	0	0	0	0	0	0	0	0	0	0	0	0	0	0	0	0	0	0	0	0	0	0	0	0	0	0	0	0	0	0	0	0	0	0	0	0	0	0	0	0	0	0	0	0	0	0	0	0	0	0	0	37	0	0	0	0	0	0	0	0	0	0	0	0	0	0	0	0	Metazoa	1	Arthropoda	phylum	1	Hexanauplia	class	1	Calanoida	order	1	Clausocalanidae	family	1	Clausocalanus	genus	1	Clausocalanus_pergens	species	1
ab974e78da05470b1b5d7b9fcf150eed	0	0	0	0	0	4	0	0	0	0	0	0	0	0	0	0	0	0	0	0	0	0	11	0	0	0	0	0	0	0	0	0	0	0	0	0	0	0	0	0	0	0	0	0	0	0	0	0	0	0	0	0	0	0	0	0	0	0	0	0	0	0	0	0	0	60	0	0	0	0	0	0	41	0	0	0	0	0	0	0	0	0	0	Metazoa	1	Arthropoda	phylum	1	Hexanauplia	class	1	Calanoida	order	1	Centropagidae	family	1	Centropages	genus	1	Centropages_typicus	species	1
ade86bca190069c1f20c79926bb0d352	0	0	0	0	0	0	10	0	10	0	0	0	0	0	0	0	0	0	0	0	0	0	0	0	0	0	0	0	12	0	0	0	0	0	0	0	0	0	0	0	0	0	0	18	0	0	0	0	0	0	21	3	0	0	33	0	0	0	0	0	0	0	0	0	0	0	0	0	0	0	0	0	0	0	0	0	0	0	0	0	4	0	0	Metazoa	1	Arthropoda	phylum	1	Hexanauplia	class	1	Calanoida	order	1	Paracalanidae	family	1	Paracalanus	genus	1	Paracalanus_parvus	species	1
621a04eaa2e6ab7b266aae4c5773fbe9	0	0	0	0	0	0	0	0	0	0	0	0	0	0	0	0	0	0	0	0	0	0	0	0	0	0	0	0	0	0	0	0	0	0	0	0	0	0	0	0	0	0	0	0	0	0	0	0	0	0	0	0	0	0	0	0	0	0	0	0	0	0	0	0	0	31	0	0	0	0	0	0	0	34	0	0	0	0	0	0	0	0	0	Metazoa	1	Arthropoda	phylum	1	Hexanauplia	class	1	Calanoida	order	1	Clausocalanidae	family	1	Clausocalanus	genus	1	Clausocalanus_pergens	species	1
14cf48ad4d4467a1204429cff93fcdb4	0	0	0	0	0	0	0	0	0	0	0	0	0	0	0	0	0	0	0	0	0	0	0	0	0	0	0	0	0	0	0	0	0	0	0	0	0	0	0	0	0	0	0	0	0	0	0	63	0	0	0	0	0	0	0	0	0	0	0	0	0	0	0	0	0	0	0	0	0	0	0	0	0	0	0	0	0	0	0	0	0	0	0	Metazoa	1	Arthropoda	phylum	1	Hexanauplia	class	1	Cyclopoida	order	1	Oithonidae	family	1	Oithona	genus	1	Oithona_similis	species	1
0b030c4fb6abe802df3a5ec09723c5a8	0	0	0	0	0	0	0	0	0	0	0	0	0	0	0	0	0	0	0	0	0	0	0	0	0	0	0	0	0	0	0	0	0	0	0	0	0	0	0	0	0	0	0	0	0	0	0	0	0	0	0	0	0	0	0	0	0	0	0	0	0	0	0	0	0	0	0	0	0	0	0	61	0	0	0	0	0	0	0	0	0	0	0	Metazoa	1	Arthropoda	phylum	1	Hexanauplia	class	1	Calanoida	order	1	Centropagidae	family	1	Centropages	genus	1	Centropages_typicus	species	1
aae4cf819fe79835ce5dbef7c688b768	0	0	0	0	0	0	0	0	0	0	0	0	0	0	0	0	0	17	0	0	0	0	0	0	0	0	0	0	0	30	0	0	0	0	0	0	0	0	0	13	0	0	0	0	0	0	0	0	0	0	0	0	0	0	0	0	0	0	0	0	0	0	0	0	0	0	0	0	0	0	0	0	0	0	0	0	0	0	0	0	0	0	0	Metazoa	1	Arthropoda	phylum	1	Hexanauplia	class	1	Calanoida	order	1	Centropagidae	family	1	Centropages	genus	1	Centropages_typicus	species	1
732cdab0bb4f084729c52777792cbeb3	0	0	0	0	0	0	0	0	0	0	0	0	0	0	0	0	0	0	0	0	0	0	0	0	0	0	0	0	0	0	0	0	0	0	0	0	0	0	0	0	0	0	0	0	0	0	0	0	0	0	0	0	0	0	0	0	0	0	0	0	0	0	0	0	0	0	0	0	0	0	0	57	0	0	0	0	0	0	0	0	0	0	0	Metazoa	1	Arthropoda	phylum	1	Hexanauplia	class	1	Calanoida	order	1	Clausocalanidae	family	1	Pseudocalanus	genus	1	Pseudocalanus_moultoni	species	1
307ecbea02b2bd49b344652c1d4a06f5	0	18	17	0	0	0	0	0	0	0	3	26	0	4	3	0	0	0	0	0	0	37	0	0	0	0	0	0	58	0	0	0	495	612	772	655	126	265	322	91	242	506	431	0	90	102	60	963	817	223	244	112	0	0	382	250	162	35	21	21	24	29	28	5	0	38	7	0	0	0	0	5	22	0	7	3	0	0	0	0	0	0	0	Metazoa	1	Arthropoda	phylum	1	Insecta	class	1	Coleoptera	order	1	Silphidae	family	1	Ptomascopus	genus	1	Ptomascopus_morio	species	1
a8ef4c5b2965fb936720292dc87a0393	0	0	0	0	0	0	0	0	0	0	0	0	0	0	0	0	0	0	0	0	0	0	0	0	0	0	10	0	0	0	0	0	0	0	0	0	0	0	0	0	0	0	0	0	0	0	0	0	5	0	0	0	0	45	10	0	6	60	330	177	0	0	0	0	0	0	0	0	0	0	0	0	0	0	0	0	0	0	0	0	0	0	0	Metazoa	1	Arthropoda	phylum	1	Insecta	class	1	Hemiptera	order	1	Delphacidae	family	1	Prokelisia	genus	1	Prokelisia_sp._BOLD:AAO8154	species	1
288e3b3a31e634270f13aeff4bd569ad	0	0	0	0	0	0	0	0	0	0	0	0	0	0	0	0	0	0	0	0	0	0	0	0	0	0	0	0	0	0	0	0	44	48	46	47	11	13	0	0	8	16	26	0	0	0	0	29	0	0	0	0	0	0	0	8	0	0	0	0	0	0	0	0	0	0	0	0	0	0	0	0	0	0	0	0	0	0	0	0	0	0	0	Metazoa	1	Arthropoda	phylum	1	Insecta	class	1	Coleoptera	order	1	Silphidae	family	1	Ptomascopus	genus	1	Ptomascopus_morio	species	1
a928c1c40f5a415903ca143ebe43090b	0	0	0	0	0	0	0	0	0	0	0	0	0	0	0	0	0	0	0	0	0	0	0	0	0	0	0	0	0	0	0	0	0	0	0	0	0	0	0	0	0	0	0	0	0	0	0	220	0	0	0	2	0	0	19	0	0	0	0	0	0	0	0	0	0	0	0	0	0	0	0	0	0	0	0	0	0	0	0	0	0	0	0	Metazoa	1	Arthropoda	phylum	1	Malacostraca	class	1	Amphipoda	order	1	Corophiidae	family	1	Corophium	genus	1	Corophium_volutator	species	1
a38b7873f691c3c00be2fff8bddf50c6	0	0	0	0	0	0	0	0	0	0	0	0	0	0	0	0	0	0	0	0	0	0	0	0	0	0	0	0	195	0	0	0	0	4	0	0	0	0	0	0	416	9	0	0	0	0	0	0	0	0	12	0	0	0	18	0	0	0	0	8	0	0	0	0	0	0	0	0	0	0	0	0	0	0	0	0	0	0	0	0	0	0	0	Metazoa	1	Arthropoda	phylum	1	Thecostraca	class	1	Balanomorpha	order	1	Balanidae	family	1	Amphibalanus	genus	1	Amphibalanus_improvisus	species	1
dcd8b525813995f1cf333b442a4f6099	0	30	0	0	0	0	0	0	0	0	9	0	0	0	0	0	0	0	0	0	0	0	13	0	0	0	0	0	0	0	0	0	0	0	0	0	0	0	0	2	0	0	0	0	0	0	0	0	0	0	0	0	0	0	0	0	0	0	0	0	0	12	0	0	0	7	0	0	0	0	0	0	0	0	0	0	0	0	0	0	0	0	0	Metazoa	1	Arthropoda	phylum	1	Thecostraca	class	1	Balanomorpha	order	1	Balanidae	family	1	Semibalanus	genus	1	Semibalanus_balanoides	species	1
53814ac04567f8e2287c46b0b52f47f1	0	0	0	0	0	0	0	0	0	0	0	0	0	0	0	0	0	0	0	0	0	0	0	0	0	0	0	0	0	0	0	0	0	0	0	0	0	0	9	0	47	0	15	0	0	0	0	0	0	0	0	0	0	0	0	0	0	0	0	0	0	0	0	0	0	0	0	0	0	0	0	0	0	0	0	0	0	0	0	0	0	0	0	Fungi	1	Ascomycota	phylum	1	Dothideomycetes	class	0.95	Cladosporiales	order	0.95	Cladosporiaceae	family	0.95	Cladosporium	genus	0.95	Cladosporium_herbarum	species	0.95
e3c06f84e408e28bd1079037587ded19	0	0	0	0	0	0	0	0	0	0	0	0	0	0	0	0	0	0	0	0	0	0	0	0	0	0	0	0	0	0	0	0	0	0	12	0	0	5	8	7	263	32	76	0	0	0	0	132	42	57	49	22	0	0	25	16	16	0	0	0	0	0	0	0	0	0	0	0	0	0	0	0	0	6	0	0	0	0	0	0	0	0	0	Fungi	1	Ascomycota	phylum	1	Dothideomycetes	class	1	Cladosporiales	order	1	Cladosporiaceae	family	1	Cladosporium	genus	1	Cladosporium_bruhnei	species	0.93
0c11abb10ca8c4ca6a9466f89d510f2e	0	4	0	22	0	0	0	0	9	0	0	0	0	0	0	0	0	0	0	0	0	0	0	0	0	0	0	0	0	0	0	0	0	0	0	0	0	0	6	0	30	0	0	0	0	0	0	0	0	0	32	3	0	9	7	3	14	0	33	0	0	0	0	0	0	0	0	0	0	0	0	0	0	0	0	0	0	0	0	0	0	0	0	Fungi	1	Ascomycota	phylum	1	Dothideomycetes	class	1	Cladosporiales	order	1	Cladosporiaceae	family	1	Cladosporium	genus	1	Cladosporium_tenuissimum	species	1
d895eaefd297dded64fb3861320f49a9	0	0	0	0	0	0	0	0	0	0	0	0	0	0	0	20	0	0	0	0	0	0	0	0	0	0	0	0	0	0	0	0	0	0	0	0	0	0	6	0	41	13	0	0	0	0	3	0	9	0	0	0	0	0	13	0	0	0	0	0	0	0	0	0	0	0	0	0	0	0	0	0	14	0	0	0	0	0	0	0	0	0	0	Fungi	1	Ascomycota	phylum	1	Eurotiomycetes	class	0.96	Eurotiales	order	0.96	Aspergillaceae	family	0.96	Penicillium	genus	0.93	Penicillium_citrinum	species	0.23
0edef9728b9de391a1f30a913a64d644	0	0	0	0	0	0	0	0	0	0	0	0	0	0	0	0	0	0	0	0	0	0	0	0	0	0	0	0	0	0	0	0	0	0	0	0	0	0	0	0	0	0	0	0	0	0	0	0	0	4	0	0	0	0	49	0	0	0	0	0	0	0	0	0	0	10	0	0	0	0	0	0	0	0	0	0	0	0	0	0	0	0	0	Fungi	1	Ascomycota	phylum	1	Eurotiomycetes	class	1	Eurotiales	order	1	Aspergillaceae	family	0.99	Penicillium	genus	0.99	Penicillium_janthinellum	species	0.91
840357373195d985101b94cb36d05613	0	0	0	0	0	0	0	9	0	0	0	0	0	0	0	0	0	0	0	0	0	0	0	0	0	0	0	0	0	0	0	0	0	0	0	0	0	0	0	0	16	0	7	0	0	0	5	23	7	0	0	12	0	0	0	0	0	0	0	0	0	0	0	0	0	0	0	0	0	0	0	0	9	0	0	0	0	0	0	0	0	0	0	Fungi	1	Ascomycota	phylum	1	Leotiomycetes	class	0.87	Helotiales	order	0.81	undef_Helotiales	family	0.8	Tetracladium	genus	0.8	Tetracladium_maxilliforme	species	0.45
17eb45b40e25cd325ad064fa0f7eda79	0	0	0	0	0	0	0	0	6	0	0	0	0	0	0	0	0	0	0	0	0	0	0	0	0	0	0	8	0	0	0	0	0	0	0	0	0	0	0	7	101	30	0	0	0	0	0	41	13	18	70	10	2	0	0	11	8	0	0	9	0	0	0	0	0	0	0	0	0	0	0	0	18	0	0	0	0	0	0	0	0	0	0	Fungi	1	Ascomycota	phylum	1	Leotiomycetes	class	0.91	Helotiales	order	0.86	undef_Helotiales	family	0.84	Tetracladium	genus	0.84	Tetracladium_apiense	species	0.27
ccf4488ec32bcce2747a3c4173f5b626	0	0	0	0	6	0	0	0	0	0	0	0	0	0	0	0	0	0	0	0	0	0	0	0	0	0	0	0	0	0	0	0	0	8	0	4	3	0	8	6	18	26	67	0	4	0	0	24	25	0	9	0	0	0	5	13	0	0	0	0	7	0	0	0	0	0	0	0	0	0	0	0	12	6	0	0	0	0	0	0	0	0	0	Fungi	0.99	Ascomycota	phylum	0.99	Leotiomycetes	class	0.98	Helotiales	order	0.98	undef_Helotiales	family	0.98	Tetracladium	genus	0.98	Tetracladium_apiense	species	0.41
49844622a8c2e743464134d4c157562b	0	0	0	0	0	0	0	0	0	0	0	0	0	0	0	0	0	0	0	0	0	0	0	0	0	0	0	0	4	0	0	0	0	0	0	0	0	8	7	8	56	12	0	0	0	0	0	15	18	0	0	0	0	6	0	6	0	0	0	0	0	0	7	0	0	0	0	0	0	0	0	0	0	0	0	0	0	0	0	0	0	0	0	Fungi	1	Ascomycota	phylum	1	Leotiomycetes	class	0.99	Helotiales	order	0.99	undef_Helotiales	family	0.99	Tetracladium	genus	0.99	Tetracladium_maxilliforme	species	0.61
d04ec7e9c561fb7dc22393c1be6a124b	0	0	0	0	0	0	0	0	0	0	0	0	0	0	0	0	0	0	0	0	0	0	0	0	0	0	0	0	0	0	0	0	0	0	0	0	0	0	0	0	0	9	29	0	0	0	0	0	0	0	9	0	0	0	0	0	0	0	0	0	0	0	0	0	0	0	0	0	0	0	0	0	9	0	0	0	0	0	0	0	0	0	0	Fungi	1	Ascomycota	phylum	1	Leotiomycetes	class	1	Helotiales	order	1	undef_Helotiales	family	1	Tetracladium	genus	1	Tetracladium_maxilliforme	species	0.86
bca59046b14c06efac582e1ac3714d6a	0	0	0	0	0	0	0	0	0	0	0	0	0	0	0	0	0	0	0	0	0	0	0	0	0	0	0	0	0	0	0	0	4	13	0	0	0	4	5	0	0	6	8	0	0	0	0	0	0	16	0	0	0	0	10	0	0	0	0	0	0	0	0	0	0	0	0	0	0	0	0	0	0	0	0	0	0	0	0	0	0	0	0	Fungi	1	Ascomycota	phylum	1	Sordariomycetes	class	1	Hypocreales	order	1	Ophiocordycipitaceae	family	0.8	Purpureocillium	genus	0.8	Purpureocillium_lilacinum	species	0.8
42be00dbb9463883dec6de4575baf8b5	0	0	0	0	0	0	8	0	0	0	0	0	0	0	0	0	0	0	0	0	0	0	0	0	0	0	0	0	0	0	0	0	0	0	0	0	0	0	0	0	0	0	0	0	0	0	0	0	0	0	11	0	7	0	14	0	0	0	0	0	0	7	0	0	0	0	0	0	0	0	0	7	8	0	0	0	0	0	0	0	0	0	0	Fungi	1	Ascomycota	phylum	1	Sordariomycetes	class	0.96	Hypocreales	order	0.95	Bionectriaceae	family	0.84	Gliomastix	genus	0.81	Gliomastix_murorum	species	0.81
72b86a8c7a1a6a4daf015b60e90a704f	0	0	0	0	2	0	0	0	0	0	0	0	0	0	0	0	0	0	0	0	0	0	0	0	0	0	0	0	0	0	0	0	0	0	0	8	0	5	0	0	51	0	0	0	0	0	0	0	0	0	0	0	0	0	0	0	0	0	0	8	0	0	0	0	0	0	0	0	0	5	0	0	0	0	0	0	0	0	0	0	0	0	0	Fungi	1	Ascomycota	phylum	1	Sordariomycetes	class	1	Hypocreales	order	1	Cordycipitaceae	family	0.94	Akanthomyces	genus	0.94	Akanthomyces_lecanii	species	0.94
6c39c43c5e15d5c4a5dfea27d4b56982	0	0	0	31	0	0	0	0	0	0	0	0	0	0	0	0	0	0	0	0	0	0	0	0	0	0	0	0	0	0	0	0	8	35	0	16	0	0	55	0	56	96	47	0	0	20	0	142	0	0	156	48	9	0	22	55	14	0	0	0	0	0	8	0	0	0	0	0	0	0	0	0	0	0	0	0	0	0	0	0	0	0	0	Fungi	1	Ascomycota	phylum	1	Sordariomycetes	class	1	Hypocreales	order	1	Nectriaceae	family	0.99	Fusarium	genus	0.96	Fusarium_haematococcum	species	0.49
d44cb25c347d006d7763a224940e28e7	0	0	8	0	0	0	0	0	0	0	0	0	0	0	0	11	0	0	0	0	0	0	0	0	0	0	0	0	0	0	0	0	2	6	11	0	0	16	12	11	21	17	19	0	5	0	0	56	85	0	0	0	0	13	18	0	0	0	0	0	0	0	0	0	0	0	0	0	0	0	0	0	6	11	0	0	0	0	0	0	0	0	0	Fungi	1	Ascomycota	phylum	1	Sordariomycetes	class	1	Hypocreales	order	1	Cordycipitaceae	family	0.98	Akanthomyces	genus	0.98	Akanthomyces_lecanii	species	0.98
c38fdfd59a105643be8db40633b74999	0	0	0	0	0	0	0	0	0	0	0	0	0	0	0	0	0	0	0	0	0	0	0	0	0	0	0	0	0	0	0	0	0	0	0	0	0	0	0	0	0	0	0	0	0	0	0	0	0	0	0	0	0	0	0	25	15	0	0	0	0	0	0	0	0	0	0	0	14	0	0	0	0	0	0	0	0	0	0	0	0	0	0	Fungi	1	Ascomycota	phylum	1	Sordariomycetes	class	1	Hypocreales	order	1	Cordycipitaceae	family	0.99	Akanthomyces	genus	0.99	Akanthomyces_lecanii	species	0.99
d388a42f47cf0aff79dc33ea832fa6ba	0	0	0	0	0	0	0	0	0	0	0	0	0	0	0	0	0	0	0	0	0	0	0	0	0	0	0	0	0	0	0	0	0	0	5	0	0	5	0	0	0	47	77	0	9	0	6	0	16	0	75	0	0	0	0	0	0	0	16	0	0	2	0	0	0	0	0	0	0	0	0	0	7	0	0	0	0	0	0	0	0	0	0	Fungi	1	Ascomycota	phylum	1	Sordariomycetes	class	1	Hypocreales	order	1	Nectriaceae	family	1	Fusarium	genus	1	Fusarium_proliferatum	species	0.54
0b29b870cd020bca76cb9099179e309b	0	0	0	0	0	0	0	0	0	0	0	0	0	0	0	0	0	0	0	0	0	0	0	0	0	0	0	0	0	0	0	0	0	0	0	0	0	0	19	0	0	0	0	528	0	0	0	18	0	0	0	0	0	0	0	21	0	0	0	5	0	0	0	0	0	0	0	0	0	0	0	0	0	0	0	0	0	0	0	0	0	0	0	Fungi	1	Ascomycota	phylum	1	Sordariomycetes	class	1	Hypocreales	order	1	undef_Hypocreales	family	1	Gliocladium	genus	1	Gliocladium_viride	species	1
ea160a9ceb4dea6890591c58ad21bb89	0	0	0	0	0	0	0	0	0	0	0	0	0	0	0	0	0	0	0	0	0	0	0	0	0	0	0	0	0	0	0	0	0	0	8	0	0	30	0	0	9	0	10	0	9	0	6	0	0	0	0	0	9	0	0	0	8	0	0	0	0	0	8	0	0	0	0	0	0	0	0	0	0	0	0	0	0	0	0	0	0	0	0	Fungi	1	Ascomycota	phylum	1	Sordariomycetes	class	1	Hypocreales	order	1	undef_Hypocreales	family	1	Gliocladium	genus	1	Gliocladium_viride	species	1
4a97b9f39e5e8efdf888923fc2c7523c	0	0	0	0	0	0	0	0	0	0	0	0	0	0	0	0	0	0	0	0	0	0	0	0	0	0	0	0	0	0	0	0	0	0	0	0	0	0	0	0	0	0	0	0	0	0	0	0	0	0	0	18	0	0	0	37	0	0	0	0	0	0	0	0	0	0	0	0	0	0	0	0	0	0	0	0	0	0	0	0	0	0	0	Fungi	1	Ascomycota	phylum	1	Sordariomycetes	class	1	Hypocreales	order	1	undef_Hypocreales	family	1	Gliocladium	genus	1	Gliocladium_viride	species	1
1a058c688992fcd24e6efdc368dec71c	0	0	0	0	0	0	0	0	0	0	0	0	0	0	0	0	0	0	0	0	0	0	0	0	0	0	0	0	0	0	0	0	0	8	14	11	7	3	8	8	34	0	26	0	5	8	6	14	0	42	55	24	5	7	40	0	0	35	0	34	9	9	0	0	0	38	0	0	0	0	0	0	0	0	0	7	0	0	0	0	0	0	0	undef_Eukaryota	0.9	Bacillariophyta	phylum	0.89	Bacillariophyceae	class	0.89	Naviculales	order	0.86	Naviculaceae	family	0.85	Navicula	genus	0.84	Navicula_cryptocephala	species	0.57
79827b8b448bb8fdd8f558d46994acf1	0	0	16	0	0	0	0	0	0	0	0	0	0	0	0	0	0	0	0	0	0	0	0	0	0	0	0	0	0	0	0	0	0	0	0	0	0	0	6	0	14	17	12	0	0	27	0	0	0	16	0	0	0	0	41	0	26	0	0	0	0	0	0	0	0	0	0	0	0	6	0	0	0	0	0	0	0	0	0	0	0	0	0	undef_Eukaryota	0.95	Bacillariophyta	phylum	0.87	Bacillariophyceae	class	0.87	Naviculales	order	0.87	Phaeodactylaceae	family	0.84	Phaeodactylum	genus	0.84	Phaeodactylum_tricornutum	species	0.84
bcee51e3d76a763cfca50df0575e6673	0	0	0	0	0	0	0	0	0	0	0	0	0	0	0	0	0	0	0	0	0	0	0	0	0	0	0	0	0	0	0	0	0	9	2	4	0	0	7	0	12	0	0	0	0	3	0	0	7	0	15	0	0	0	0	0	0	0	0	0	0	0	0	0	0	0	0	0	0	0	0	0	0	0	0	0	0	0	0	0	0	0	0	undef_Eukaryota	0.93	Bacillariophyta	phylum	0.87	Bacillariophyceae	class	0.87	Naviculales	order	0.86	Naviculaceae	family	0.86	Navicula	genus	0.86	Navicula_cryptocephala	species	0.54
2675f0ddb3ef7402c0d3effc6f6801c0	0	0	0	0	0	0	0	0	0	0	0	0	0	0	0	0	0	0	0	0	0	0	0	0	0	0	0	0	0	0	0	0	0	0	0	0	0	6	0	0	0	0	0	0	0	0	0	0	0	22	0	9	4	15	0	9	0	0	0	0	0	0	0	0	0	0	0	0	0	0	0	0	0	0	0	0	0	0	0	0	0	0	0	undef_Eukaryota	0.94	Bacillariophyta	phylum	0.88	Bacillariophyceae	class	0.88	Naviculales	order	0.88	Naviculaceae	family	0.88	Navicula	genus	0.88	Navicula_cryptocephala	species	0.56
d8a6bb97a5f81f1eaf5239eb5f9eeaf6	15	28	32	21	0	0	4	0	8	0	0	41	0	17	6	0	0	0	0	0	14	23	51	0	8	5	11	43	22	0	9	0	17	36	71	23	46	107	121	177	344	71	142	0	97	128	42	267	255	247	264	117	69	216	194	281	134	311	895	392	66	90	96	12	21	22	0	13	0	6	62	33	32	10	0	0	0	0	0	0	0	0	0	undef_Eukaryota	1	Bacillariophyta	phylum	0.99	Bacillariophyceae	class	0.99	Bacillariales	order	0.99	Bacillariaceae	family	0.99	Cylindrotheca	genus	0.99	Cylindrotheca_closterium	species	0.99
4c923ebde5a3251dac410fe59b817b51	0	0	6	0	0	0	0	0	0	0	0	8	0	9	0	0	16	14	0	0	0	0	0	0	0	0	6	10	0	0	23	0	6	0	0	0	0	0	0	0	0	0	0	0	0	0	0	0	0	0	33	0	4	0	5	0	6	0	0	0	0	3	9	4	0	9	5	0	0	0	0	0	7	12	0	12	0	0	0	11	16	0	0	undef_Eukaryota	1	Bacillariophyta	phylum	1	Bacillariophyceae	class	1	Bacillariales	order	1	Bacillariaceae	family	1	Pseudo-nitzschia	genus	1	Pseudo-nitzschia_pseudodelicatissima	species	0.43
38ff35d7d8d46a7e120f4f2922d9a3b0	0	4	0	0	0	0	0	0	0	0	0	0	0	10	0	0	0	0	6	9	17	0	6	0	0	0	0	0	10	0	0	0	0	0	0	0	0	0	0	0	0	0	0	0	0	0	8	0	0	0	0	6	0	0	7	5	0	0	0	0	7	0	0	17	0	8	0	0	0	0	0	0	0	0	0	14	0	0	0	0	0	0	0	undef_Eukaryota	1	Bacillariophyta	phylum	1	Bacillariophyceae	class	1	Bacillariales	order	1	Bacillariaceae	family	1	Pseudo-nitzschia	genus	1	Pseudo-nitzschia_plurisecta	species	0.57
3a0ff94612c3a28bdd9db442e26ce945	0	0	0	0	0	0	0	0	0	0	0	7	0	0	0	0	0	0	0	0	7	0	0	0	13	0	0	22	5	0	0	0	0	0	0	0	0	0	0	0	0	0	0	0	0	0	0	0	0	0	0	0	0	0	0	0	0	35	0	0	0	2	0	7	0	0	0	0	0	0	0	0	0	0	0	0	0	0	0	0	6	0	0	undef_Eukaryota	1	Bacillariophyta	phylum	1	Bacillariophyceae	class	1	Bacillariales	order	1	Bacillariaceae	family	1	Pseudo-nitzschia	genus	1	Pseudo-nitzschia_bipertita	species	0.74
8fff45f2f4df6a7f27c5ffbce29e9751	0	50	0	0	0	34	59	6	22	65	13	34	0	7	26	11	29	23	9	0	8	43	67	0	69	23	10	10	28	25	100	15	0	0	0	0	0	0	0	0	0	0	0	0	0	0	0	0	15	0	37	0	0	10	34	27	23	17	37	13	42	43	28	24	34	35	71	30	12	13	0	77	56	36	16	33	0	0	19	4	14	0	0	undef_Eukaryota	1	Bacillariophyta	phylum	1	Bacillariophyceae	class	1	Bacillariales	order	1	Bacillariaceae	family	1	Cylindrotheca	genus	1	Cylindrotheca_closterium	species	1
c0d89758975377172717e96a83b81634	0	0	0	0	0	0	0	0	0	0	0	0	0	0	0	0	0	0	0	0	0	0	10	0	0	0	0	0	0	0	0	0	28	11	17	9	11	0	25	0	56	0	41	0	13	35	0	120	106	24	69	41	0	0	29	14	38	0	110	27	0	10	0	0	16	0	14	0	0	0	0	0	0	0	0	23	0	0	0	0	0	0	0	undef_Eukaryota	1	Bacillariophyta	phylum	1	Bacillariophyceae	class	1	Bacillariales	order	1	Bacillariaceae	family	1	Cylindrotheca	genus	1	Cylindrotheca_closterium	species	1
a162ee3915c0860bf754bb3ca5bf8273	0	0	31	0	0	0	0	0	0	0	0	0	5	0	0	0	0	0	0	0	0	0	0	0	0	0	14	0	0	0	0	0	0	26	0	0	0	0	0	0	0	0	30	0	17	9	0	23	0	49	21	0	0	0	31	9	0	0	0	12	0	8	0	0	0	0	0	0	0	0	0	0	0	0	0	0	0	0	0	0	0	0	0	undef_Eukaryota	1	Bacillariophyta	phylum	1	Bacillariophyceae	class	1	Bacillariales	order	1	Bacillariaceae	family	1	Cylindrotheca	genus	1	Cylindrotheca_closterium	species	1
a235f927b955635e3da53a4a68b510ee	0	0	0	0	0	0	0	0	0	0	0	0	7	0	0	0	22	0	0	0	0	0	0	0	0	0	0	0	0	0	0	0	13	0	11	21	0	0	0	0	21	36	0	0	12	0	0	0	5	6	0	0	0	4	12	0	0	0	0	0	0	0	0	0	0	0	0	0	0	0	0	0	0	0	0	0	0	0	0	0	5	0	0	undef_Eukaryota	1	Bacillariophyta	phylum	1	Bacillariophyceae	class	1	Bacillariales	order	1	Bacillariaceae	family	1	Cylindrotheca	genus	1	Cylindrotheca_closterium	species	1
b2c81baff89ad5d1984a3aebef1f834c	0	0	0	0	0	0	0	0	0	0	0	0	0	0	0	0	0	0	0	0	0	0	0	0	0	0	0	0	0	0	0	0	0	0	0	0	0	0	12	0	5	0	0	0	14	0	0	30	0	16	0	0	0	0	0	0	7	0	0	0	0	0	0	0	0	0	0	0	0	0	0	0	0	0	0	0	0	0	0	0	0	0	0	undef_Eukaryota	1	Bacillariophyta	phylum	1	Bacillariophyceae	class	1	Bacillariales	order	1	Bacillariaceae	family	1	Cylindrotheca	genus	1	Cylindrotheca_closterium	species	1
36319e135d007a7a32070485027847ff	0	0	0	0	0	0	0	0	0	0	0	0	0	0	0	0	0	0	0	0	0	0	0	0	0	0	0	0	0	0	0	0	0	6	14	6	0	7	0	0	0	0	26	0	0	0	0	0	0	7	8	0	0	0	5	0	0	0	0	0	0	0	0	0	0	0	0	0	0	0	0	0	0	0	0	0	0	0	0	0	0	0	0	undef_Eukaryota	1	Bacillariophyta	phylum	1	Bacillariophyceae	class	1	Naviculales	order	1	Naviculaceae	family	1	Navicula	genus	1	Navicula_sp._BOLD:AAO6950	species	1
aac077547d78dbd442373acaf0597790	0	0	0	0	0	0	0	0	0	0	0	0	0	0	0	0	0	0	0	0	0	0	0	0	0	0	0	0	0	0	0	0	0	8	0	0	0	0	7	0	0	9	6	0	0	0	0	0	7	0	9	0	0	0	0	0	10	0	0	0	0	0	0	0	0	0	0	0	0	0	0	0	0	0	0	0	0	0	0	0	0	0	0	undef_Eukaryota	1	Bacillariophyta	phylum	1	Bacillariophyceae	class	1	Bacillariales	order	1	Bacillariaceae	family	1	Cylindrotheca	genus	1	Cylindrotheca_closterium	species	1
736a04aa69f1cdd2fea3c0e8746ed419	30	58	30	19	0	39	42	0	31	31	28	38	22	28	28	29	11	27	53	0	33	37	35	0	47	0	43	26	41	29	111	5	16	0	0	12	27	61	54	20	78	44	41	47	54	55	30	94	59	81	54	37	0	19	42	109	63	60	20	20	34	56	90	74	65	138	44	40	42	20	19	76	102	31	0	40	0	0	14	33	35	0	0	undef_Eukaryota	0.88	Bacillariophyta	phylum	0.87	Coscinodiscophyceae	class	0.87	Thalassiosirales	order	0.81	Skeletonemataceae	family	0.8	Skeletonema	genus	0.8	Skeletonema_subsalsum	species	0.31
cac9b625168fb41e61e29512daa2982b	0	0	0	0	0	0	0	0	0	0	0	0	0	0	0	0	0	0	0	0	0	0	0	0	0	0	0	0	0	0	0	0	0	0	0	0	0	0	0	0	0	0	0	76	0	0	0	0	0	0	0	0	0	0	0	0	0	0	0	0	0	0	0	0	0	0	0	0	0	0	0	0	0	0	0	0	0	0	0	0	0	0	0	undef_Eukaryota	0.87	Bacillariophyta	phylum	0.86	Coscinodiscophyceae	class	0.86	Thalassiosirales	order	0.82	Skeletonemataceae	family	0.81	Skeletonema	genus	0.81	Skeletonema_subsalsum	species	0.35
3b9c4d1e7e60caa685494d4d165823a3	49	109	95	15	0	38	30	21	23	23	20	38	34	51	32	24	16	29	57	0	12	33	28	0	61	21	61	0	32	17	42	0	399	562	501	695	256	427	457	230	496	521	615	621	110	102	85	508	458	181	268	122	40	51	201	185	96	73	94	17	57	68	69	42	0	101	62	47	50	34	42	61	64	30	0	26	0	0	11	11	10	0	0	undef_Eukaryota	0.94	Bacillariophyta	phylum	0.94	Coscinodiscophyceae	class	0.94	Thalassiosirales	order	0.92	Skeletonemataceae	family	0.83	Skeletonema	genus	0.83	Skeletonema_subsalsum	species	0.73
3091033f77aed871d19db9b5fcc6ecb9	0	0	0	0	15	0	0	1	0	0	0	0	0	0	0	0	0	0	0	0	0	0	1	0	0	0	0	0	0	1	0	0	0	7	0	0	0	0	0	0	0	0	0	0	0	0	0	0	0	0	0	0	6	0	0	0	0	0	0	0	0	0	0	0	0	0	0	0	0	0	0	0	0	0	23	0	10	0	0	0	0	0	0	undef_Eukaryota	0.94	Bacillariophyta	phylum	0.94	Coscinodiscophyceae	class	0.94	Thalassiosirales	order	0.89	Skeletonemataceae	family	0.88	Skeletonema	genus	0.88	Skeletonema_subsalsum	species	0.38
dc818c753eff70bf9d6661bc9ad5a31c	30	0	0	0	0	0	46	0	0	0	31	65	50	0	0	0	0	40	61	0	0	0	0	0	76	0	0	0	0	75	104	0	0	0	0	22	0	19	42	0	0	23	22	0	14	31	0	0	29	0	0	0	0	0	0	65	31	0	73	0	41	43	27	63	0	43	30	0	42	31	0	0	42	37	0	32	0	19	0	41	0	0	0	undef_Eukaryota	0.95	Bacillariophyta	phylum	0.95	Coscinodiscophyceae	class	0.95	Thalassiosirales	order	0.89	Skeletonemataceae	family	0.89	Skeletonema	genus	0.89	Skeletonema_subsalsum	species	0.5
87ab283f5470fa54b22c7ede004afb8b	0	76	58	55	32	0	0	30	32	38	40	74	0	28	36	41	18	0	0	18	30	13	21	0	0	31	39	35	60	0	0	0	0	19	0	0	12	0	0	19	69	0	0	0	0	0	0	40	0	34	66	27	9	78	41	0	0	0	0	29	0	0	28	0	68	55	27	51	0	0	16	62	0	0	37	33	17	0	44	0	55	0	0	undef_Eukaryota	0.99	Bacillariophyta	phylum	0.99	Coscinodiscophyceae	class	0.99	Thalassiosirales	order	0.92	Skeletonemataceae	family	0.92	Skeletonema	genus	0.92	Skeletonema_subsalsum	species	0.5
9fe55c1559bb5c03bec55ce83c1e5575	0	0	6	5	0	0	0	0	0	0	0	0	0	0	0	9	0	0	0	0	5	0	0	0	10	4	0	0	13	0	5	0	0	0	0	0	0	0	0	0	0	0	3	0	0	0	0	0	0	0	9	0	0	0	0	0	0	8	9	0	4	0	0	0	0	15	0	5	0	0	0	5	14	5	0	0	0	0	0	0	0	0	0	undef_Eukaryota	1	Bacillariophyta	phylum	1	Coscinodiscophyceae	class	1	Thalassiosirales	order	1	Skeletonemataceae	family	1	Skeletonema	genus	1	Skeletonema_dohrnii	species	0.74
2a9a820760a9dc32a26f415c9d5db107	11	38	35	11	0	0	39	12	31	12	9	13	29	0	41	0	14	8	17	0	6	28	23	0	16	20	8	0	6	6	8	0	15	43	23	27	59	70	51	27	65	53	68	0	18	35	21	60	84	45	65	34	6	27	44	0	13	42	0	23	14	25	22	8	20	45	20	35	20	5	45	76	17	9	0	20	14	0	28	25	13	0	0	undef_Eukaryota	1	Bacillariophyta	phylum	1	Coscinodiscophyceae	class	1	Thalassiosirales	order	1	Skeletonemataceae	family	1	Skeletonema	genus	1	Skeletonema_potamos	species	1
76fb3b5cc3948a567b0402c58c29dd5b	0	62	0	0	4	6	0	0	0	0	25	10	0	0	32	0	0	30	0	0	0	0	9	0	4	0	0	21	0	0	45	28	0	6	0	0	0	0	11	0	23	68	0	0	0	73	0	10	0	48	0	29	0	0	9	40	0	0	0	0	0	25	4	0	0	0	0	30	0	0	0	55	0	0	0	0	0	5	0	0	0	0	0	undef_Eukaryota	1	Bacillariophyta	phylum	1	Coscinodiscophyceae	class	1	Rhizosoleniales	order	1	Rhizosoleniaceae	family	1	Rhizosolenia	genus	1	Rhizosolenia_setigera	species	1
93346737397e95bd0f6afce29cd684c8	0	0	18	0	0	0	0	0	0	0	0	0	0	0	0	0	0	0	0	0	0	0	0	0	0	0	20	0	0	0	49	37	0	0	0	0	0	0	0	0	0	0	0	0	0	0	0	0	0	0	0	0	0	0	0	0	16	0	0	0	0	0	0	0	0	0	0	0	0	9	0	0	0	0	48	0	0	0	0	0	0	0	0	undef_Eukaryota	1	Bacillariophyta	phylum	1	Coscinodiscophyceae	class	1	Rhizosoleniales	order	1	Rhizosoleniaceae	family	1	Rhizosolenia	genus	1	Rhizosolenia_setigera	species	1
16f076440956b911fc70ad559aa05601	0	16	14	74	0	17	30	12	26	34	74	31	10	24	21	28	35	14	55	32	0	0	48	0	0	44	14	0	0	49	100	0	0	0	0	0	0	11	10	0	76	0	0	0	0	50	0	42	45	27	147	23	10	47	132	126	78	12	104	49	61	139	62	40	74	143	67	122	0	18	37	117	119	29	14	40	11	0	0	49	66	0	0	undef_Eukaryota	1	Bacillariophyta	phylum	1	Fragilariophyceae	class	1	Thalassionemales	order	1	Thalassionemataceae	family	1	Thalassionema	genus	1	Thalassionema_nitzschioides	species	1
e36d8341d26d86140ae4ede21a4b4509	7	0	0	0	3	0	0	0	0	0	0	0	0	0	0	0	0	0	0	0	16	0	0	0	33	0	0	0	37	0	0	7	0	0	0	0	2	0	0	0	0	7	12	0	24	0	0	0	0	0	0	0	0	0	0	0	0	0	0	0	0	0	0	0	0	0	0	0	14	0	35	0	0	0	0	0	0	7	9	0	0	0	0	undef_Eukaryota	1	Bacillariophyta	phylum	1	Fragilariophyceae	class	1	Thalassionemales	order	1	Thalassionemataceae	family	1	Thalassionema	genus	1	Thalassionema_nitzschioides	species	1
b5aeeef84008d2d90b1caf2df701b59a	40	50	47	25	27	45	66	17	0	12	59	57	24	57	65	25	55	49	37	12	0	43	49	0	64	32	19	34	68	0	56	0	0	5	0	0	14	0	15	25	63	7	15	986	21	44	0	42	0	0	74	13	0	56	30	61	0	181	0	44	89	59	34	0	138	113	49	54	35	30	110	139	77	71	32	72	17	28	15	72	76	0	0	undef_Eukaryota	1	Bacillariophyta	phylum	1	Mediophyceae	class	1	Lithodesmiales	order	1	Lithodesmiaceae	family	1	Ditylum	genus	1	Ditylum_brightwellii	species	1
75a8a6f68c802a7e3fe4cd472a57d78b	0	0	0	0	0	0	41	0	43	0	0	0	0	0	0	0	0	0	0	0	41	0	0	0	0	0	0	0	0	50	0	0	0	0	0	0	0	0	0	0	0	0	0	0	0	0	0	0	31	28	55	0	30	54	31	37	66	104	57	0	0	0	0	30	0	41	0	0	41	0	0	0	0	47	0	0	0	0	0	0	0	0	0	undef_Eukaryota	1	Bacillariophyta	phylum	1	Mediophyceae	class	1	Lithodesmiales	order	1	Lithodesmiaceae	family	1	Ditylum	genus	1	Ditylum_brightwellii	species	1
5ad75d6d1fb0a871e9753c499efbe269	0	0	0	0	0	0	0	0	0	0	0	0	0	0	0	0	0	0	0	0	40	0	0	0	0	0	0	0	0	0	0	0	0	0	0	0	0	0	9	0	0	0	0	0	0	0	0	0	0	0	0	0	0	18	0	0	0	19	0	0	0	0	0	0	0	0	11	0	0	0	0	0	0	0	0	0	0	0	0	0	0	0	0	undef_Bacteria_bacteria	0.96	Bacillota	phylum	0.8	Bacilli	class	0.8	Lactobacillales	order	0.8	Aerococcaceae	family	0.8	Aerococcus	genus	0.8	Aerococcus_urinae	species	0.8
5ade17666ae148d58f0ea79cbad1e727	0	0	0	0	0	0	0	0	0	0	0	0	0	0	0	0	0	0	0	0	0	0	0	0	0	15	0	0	0	0	0	0	0	9	0	5	0	0	7	0	0	0	0	0	0	0	0	0	0	0	0	0	0	6	6	6	0	0	0	0	0	0	0	0	0	0	0	0	0	0	0	0	0	0	0	0	0	0	0	0	0	0	0	undef_Bacteria_bacteria	0.95	Bacillota	phylum	0.89	Bacilli	class	0.89	Lactobacillales	order	0.89	Aerococcaceae	family	0.89	Aerococcus	genus	0.89	Aerococcus_urinae	species	0.89
50aac1e20c21a958109529432479ef62	0	0	0	0	0	0	0	0	0	0	4	0	0	0	0	0	0	0	0	0	0	0	0	0	0	0	0	0	0	0	0	0	0	0	0	0	0	0	0	0	0	0	0	0	0	487	0	0	0	0	0	0	0	0	0	0	0	0	0	0	0	0	0	0	0	0	0	0	0	0	0	0	0	0	0	0	0	0	0	0	0	0	0	Metazoa	1	Bryozoa	phylum	1	Gymnolaemata	class	1	Cheilostomatida	order	1	Membraniporidae	family	1	Membranipora	genus	1	Membranipora_membranacea	species	1
4c4197b87d0b22238ba6cce8328d2290	0	0	0	0	0	7	0	0	0	0	0	0	0	0	0	0	0	0	0	0	0	0	0	0	0	0	0	70	0	0	0	0	0	0	0	0	0	0	0	0	0	0	0	0	0	0	0	0	0	0	0	0	0	0	0	0	0	0	0	0	0	0	0	0	0	0	0	0	0	0	0	162	0	0	0	0	0	0	0	0	0	0	0	Metazoa	1	Bryozoa	phylum	1	Gymnolaemata	class	1	Cheilostomatida	order	1	Membraniporidae	family	1	Membranipora	genus	1	Membranipora_membranacea	species	1
bb21821924f36e57b9c34613e8aa8151	0	0	0	0	0	0	0	0	0	9	0	0	0	0	0	0	0	0	0	0	0	0	0	0	0	0	0	0	0	0	0	0	0	0	0	0	0	0	0	0	0	0	0	0	0	0	0	0	0	0	0	0	0	0	0	0	0	0	0	0	0	0	0	0	0	0	0	0	0	0	0	182	0	0	0	0	0	0	0	0	0	0	0	Metazoa	1	Bryozoa	phylum	1	Gymnolaemata	class	1	Cheilostomatida	order	1	Membraniporidae	family	1	Membranipora	genus	1	Membranipora_membranacea	species	1
45fe83279f0ceb195a0f8ced717122bf	0	0	0	0	0	0	0	0	0	0	0	0	0	0	0	0	0	0	0	0	0	0	0	0	0	0	0	0	0	0	0	0	0	0	0	0	0	0	0	0	0	0	0	0	0	0	0	0	0	0	0	0	0	0	0	0	0	0	0	0	0	0	0	0	0	0	0	0	0	116	0	0	0	0	0	0	0	0	0	0	0	0	0	Metazoa	1	Bryozoa	phylum	1	Gymnolaemata	class	1	Cheilostomatida	order	1	Membraniporidae	family	1	Membranipora	genus	1	Membranipora_membranacea	species	1
93de92ed3e21aa0613557ad8f7b515d4	0	0	0	0	0	0	0	0	0	0	0	0	0	0	0	0	0	0	0	0	0	0	0	0	0	115	0	0	0	0	0	0	0	0	0	0	0	0	0	0	0	0	0	0	0	0	0	0	0	0	0	0	0	0	0	0	0	0	0	0	0	0	0	0	0	0	0	0	0	0	0	0	0	0	0	0	0	0	0	0	0	0	0	Metazoa	1	Bryozoa	phylum	1	Gymnolaemata	class	1	Cheilostomatida	order	1	Membraniporidae	family	1	Membranipora	genus	1	Membranipora_membranacea	species	1
4d27f8d2c277d38edfdce4aace9994ba	0	0	0	0	0	0	0	0	0	0	0	0	0	0	0	0	0	0	0	0	0	0	0	0	0	0	0	0	0	0	0	0	0	0	0	0	0	0	0	0	0	0	0	0	0	0	0	0	0	0	0	0	0	0	0	0	0	0	0	0	0	0	0	108	0	0	0	0	0	0	0	0	0	0	0	0	0	0	0	0	0	0	0	Metazoa	1	Bryozoa	phylum	1	Gymnolaemata	class	1	Cheilostomatida	order	1	Membraniporidae	family	1	Membranipora	genus	1	Membranipora_membranacea	species	1
5747a2aebb76e96667f1972aa607c252	0	0	0	0	26	0	0	0	0	0	0	0	0	0	0	0	0	0	0	0	0	0	0	0	62	0	0	0	0	0	0	0	0	0	0	0	0	0	0	0	0	0	0	0	0	0	0	0	0	0	0	0	0	0	0	0	0	0	0	0	0	0	0	0	0	0	0	0	0	0	0	0	0	0	0	0	0	0	0	0	0	0	0	Metazoa	1	Bryozoa	phylum	1	Gymnolaemata	class	1	Cheilostomatida	order	1	Membraniporidae	family	1	Membranipora	genus	1	Membranipora_membranacea	species	1
0f9bc292db27a035f1d9e432333971db	0	24	0	0	0	0	0	0	0	0	0	0	0	0	0	0	0	0	12	0	0	0	0	0	0	0	0	28	0	0	0	0	0	0	0	0	0	0	0	0	0	0	0	0	0	0	0	0	0	0	0	0	0	0	0	0	0	0	0	0	0	0	0	0	0	0	10	0	0	13	0	11	0	0	0	0	0	0	0	0	0	0	0	Viridiplantae	0.9	Chlorophyta	phylum	0.84	Mamiellophyceae	class	0.83	Dolichomastigales	order	0.83	Dolichomastigaceae	family	0.83	Dolichomastix_green_algae	genus	0.83	Dolichomastix_tenuilepis	species	0.83
3baaf1f9ef19e1e81a5f457760d12368	0	0	0	0	0	0	0	0	0	0	0	0	0	0	0	0	0	0	0	0	0	0	0	0	0	0	0	0	0	0	9	0	0	0	0	0	0	0	0	0	0	0	0	0	0	0	0	10	42	0	50	0	0	0	16	0	0	0	0	0	0	0	0	0	0	0	0	0	0	0	0	22	9	0	0	0	0	0	16	0	0	0	0	Viridiplantae	0.9	Chlorophyta	phylum	0.89	Mamiellophyceae	class	0.86	Dolichomastigales	order	0.86	Dolichomastigaceae	family	0.86	Dolichomastix_green_algae	genus	0.86	Dolichomastix_tenuilepis	species	0.86
831b9978dbc95a7bcea9c0cf95a2a020	3	0	0	0	5	8	10	0	8	0	5	0	7	9	0	7	0	0	17	0	3	0	8	0	0	0	0	0	12	8	7	3	0	0	3	3	0	0	3	5	0	0	0	0	0	0	0	8	0	11	7	15	2	17	0	0	0	11	10	0	9	12	9	0	5	4	7	4	0	0	0	9	7	11	0	2	0	0	0	0	7	0	0	Viridiplantae	0.99	Chlorophyta	phylum	0.91	Mamiellophyceae	class	0.91	Mamiellales	order	0.91	Mamiellaceae	family	0.91	Mantoniella	genus	0.87	Mantoniella_squamata	species	0.87
09060c7da51712d736a9b8deb3b3a71e	15	24	38	24	14	11	12	18	18	12	28	26	17	11	28	16	23	23	15	0	10	7	15	0	18	20	20	9	36	26	22	6	0	4	0	0	0	0	0	10	11	14	7	0	0	0	0	0	8	22	15	12	0	0	10	16	0	22	0	0	15	20	10	6	16	24	7	13	18	20	12	19	12	22	8	8	0	0	23	23	18	0	0	Viridiplantae	0.95	Chlorophyta	phylum	0.93	Mamiellophyceae	class	0.93	Mamiellales	order	0.93	Mamiellaceae	family	0.93	Micromonas_green_algae	genus	0.92	Micromonas_pusilla	species	0.92
3994651f52de24d1a9b02f4a1a3bb2da	0	0	0	0	0	0	0	0	0	0	0	0	0	0	0	0	0	0	0	0	0	0	0	0	0	0	0	0	0	0	0	0	0	0	0	0	0	0	0	0	0	0	0	159	0	0	0	0	0	0	0	0	0	0	0	0	0	0	0	0	0	0	0	0	0	0	0	0	0	0	0	0	0	0	0	0	0	0	0	0	0	0	0	Viridiplantae	0.96	Chlorophyta	phylum	0.96	Mamiellophyceae	class	0.96	Mamiellales	order	0.95	Mamiellaceae	family	0.95	Micromonas_green_algae	genus	0.95	Micromonas_pusilla	species	0.95
1544c2bef06e2176f37967840c30cec1	3029	5756	4180	4096	2408	2926	4344	3445	4436	3109	5069	5352	4862	3708	4557	3320	2469	4682	4284	882	2509	3587	3203	0	5937	3219	5235	4670	4285	4008	6498	1142	1355	2036	1222	1283	2553	2726	2517	3629	2871	2814	2479	4246	2486	2451	1745	3112	3332	4012	3491	2462	1425	3168	3507	2978	3072	4880	3182	1906	3507	3808	2906	2860	4464	5533	3503	3587	3569	2107	4722	5201	4223	3388	1937	4718	1384	1104	3205	3098	5050	0	0	Viridiplantae	0.98	Chlorophyta	phylum	0.98	Mamiellophyceae	class	0.98	Mamiellales	order	0.97	Mamiellaceae	family	0.97	Micromonas_green_algae	genus	0.97	Micromonas_pusilla	species	0.97
5316de9e5ea0f8d6c80d2619ce0310f9	477	1056	831	496	472	521	867	547	865	460	930	1229	824	710	824	612	469	679	780	240	372	995	347	0	1156	638	810	654	968	637	1107	230	82	122	71	90	227	182	346	415	367	263	282	0	277	249	232	470	367	593	440	271	262	479	767	471	417	1189	698	349	510	699	420	342	775	936	686	551	625	406	755	1052	920	480	210	541	194	197	705	485	811	0	0	Viridiplantae	0.97	Chlorophyta	phylum	0.97	Mamiellophyceae	class	0.97	Mamiellales	order	0.97	Mamiellaceae	family	0.97	Micromonas_green_algae	genus	0.97	Micromonas_pusilla	species	0.97
ed67fda721ccdf145a92f4658f65813d	20474	41382	28710	26380	17130	18463	27894	27661	28479	18005	42781	44887	36118	28247	32665	25369	18061	40726	28495	6829	17484	23481	22607	0	46895	22561	41530	27956	32220	29722	35849	9798	4705	7260	5208	5323	12986	11841	11745	17649	14643	14478	12842	14943	12856	14784	7773	9704	13584	21271	18312	11997	8869	19297	20281	15113	17682	26781	23539	14141	23162	25133	15325	17522	30297	31978	24867	23539	27241	15746	30194	39091	24630	22390	11099	29531	6554	7303	23897	19614	33851	0	0	Viridiplantae	1	Chlorophyta	phylum	1	Mamiellophyceae	class	1	Mamiellales	order	1	Mamiellaceae	family	1	Micromonas_green_algae	genus	1	Micromonas_pusilla	species	1
6a8b261754a2efeb488f02d72bbed5d5	4283	7230	4848	4368	3376	3641	5358	4823	5859	3288	7754	8186	6277	5278	6189	4379	3224	7129	5088	1334	3401	4740	4172	0	7469	4120	6760	5652	5682	5237	6254	1711	1093	1675	1188	1005	2683	2471	2268	4534	2931	2870	2510	2773	2787	2887	2061	2687	3060	5058	3849	3189	1583	3964	4844	3381	3717	5946	3717	2414	4566	4486	3663	2941	5381	5821	4390	4430	5362	2740	5935	6686	4375	4287	2534	4975	1718	1500	4722	3593	6202	0	0	Viridiplantae	1	Chlorophyta	phylum	1	Mamiellophyceae	class	1	Mamiellales	order	1	Mamiellaceae	family	1	Micromonas_green_algae	genus	1	Micromonas_pusilla	species	1
b9ed5a5af76c49345a52074f1bd5c2ef	3671	8329	5901	5800	3211	3899	5501	4913	6235	3699	6851	8571	7465	4837	6040	4609	3563	6895	6727	1465	3204	5180	4088	0	8316	4815	7555	5465	5898	5922	6488	2156	851	1364	992	928	2351	2032	1692	2853	2436	2459	2263	2123	2083	2456	1479	1760	2380	3782	3146	2540	1399	2489	3053	2709	2778	5298	2959	1833	4494	4543	2271	3268	5677	5824	4974	4796	4795	2569	6123	6222	3550	3936	1878	5659	1220	1572	4614	3993	6777	0	0	Viridiplantae	1	Chlorophyta	phylum	1	Mamiellophyceae	class	1	Mamiellales	order	1	Mamiellaceae	family	1	Micromonas_green_algae	genus	1	Micromonas_pusilla	species	1
cd482bc9eeca6c2cf630d6ef9237d066	355	939	532	730	793	848	1501	1108	1185	933	635	953	985	726	1063	765	399	650	1084	184	451	624	685	0	1296	835	1086	658	911	1153	1345	374	52	112	74	86	119	129	115	245	177	137	160	119	148	159	98	128	223	361	285	189	142	370	342	244	300	648	358	258	308	391	330	606	834	960	735	687	653	406	832	1217	798	602	345	871	419	350	1022	934	1576	0	0	Viridiplantae	1	Chlorophyta	phylum	1	Mamiellophyceae	class	1	Mamiellales	order	1	Mamiellaceae	family	1	Micromonas_green_algae	genus	1	Micromonas_pusilla	species	1
ec5ae995ef48a2b7945a5851dec78076	101	167	134	162	104	123	129	164	201	114	224	262	161	178	194	158	116	274	249	30	113	177	185	0	263	127	246	121	124	209	254	17	35	71	45	37	71	55	95	89	97	97	55	0	86	81	51	92	58	206	136	100	90	71	121	111	91	207	70	70	177	154	83	53	169	154	122	184	176	87	131	179	145	110	53	167	44	26	173	99	161	0	0	Viridiplantae	1	Chlorophyta	phylum	1	Mamiellophyceae	class	1	Mamiellales	order	1	Mamiellaceae	family	1	Micromonas_green_algae	genus	1	Micromonas_pusilla	species	1
b83d1a5848b686b9b407e7f8245a0ebe	0	0	0	39	45	0	86	62	0	0	47	73	55	0	0	48	0	55	0	0	0	0	39	0	83	0	0	81	0	0	133	0	0	0	0	0	0	0	0	0	0	0	0	0	0	0	0	0	0	0	0	0	0	0	0	0	0	0	0	0	0	0	0	0	58	41	0	0	0	0	50	150	0	47	0	0	0	0	88	59	74	0	0	Viridiplantae	1	Chlorophyta	phylum	1	Mamiellophyceae	class	1	Mamiellales	order	1	Mamiellaceae	family	1	Micromonas_green_algae	genus	1	Micromonas_pusilla	species	1
13e27687cf72f076898062bb3c8d7c97	0	0	0	0	0	0	0	0	0	0	0	0	0	0	0	0	0	0	0	0	0	0	0	0	0	0	0	0	0	0	0	0	0	0	0	0	0	0	0	0	0	0	0	154	0	0	0	0	0	0	0	0	0	0	0	0	0	0	0	0	0	0	0	0	0	0	0	0	0	0	0	0	0	0	0	0	0	0	0	0	0	0	0	Viridiplantae	1	Chlorophyta	phylum	1	Mamiellophyceae	class	1	Mamiellales	order	1	Mamiellaceae	family	1	Micromonas_green_algae	genus	1	Micromonas_pusilla	species	1
9c46f56ce3e2843c0e29cbd300197c5f	0	0	0	0	0	0	0	0	0	0	0	0	0	0	0	0	0	0	0	0	0	0	0	0	0	0	0	0	0	0	0	0	0	0	0	0	0	0	0	0	0	0	0	99	0	0	0	0	0	0	0	0	0	0	0	0	0	0	0	0	0	0	0	0	0	0	0	0	0	0	0	0	0	0	0	0	0	0	0	0	0	0	0	Viridiplantae	1	Chlorophyta	phylum	1	Mamiellophyceae	class	1	Mamiellales	order	1	Mamiellaceae	family	1	Micromonas_green_algae	genus	1	Micromonas_pusilla	species	1
323b7dfc64097c5199d2e7fa8ad0793b	0	0	0	0	0	0	0	0	0	0	0	0	1952	0	0	0	0	0	0	0	0	0	0	0	0	0	0	0	0	0	0	0	0	0	0	0	0	0	0	0	0	0	0	0	0	0	0	0	0	0	0	0	0	0	0	0	0	0	0	0	0	0	0	0	0	0	0	0	0	0	0	0	0	0	0	0	0	0	0	0	0	0	0	Metazoa	1	Chordata	phylum	1	Actinopteri	class	1	Gadiformes	order	1	Gaidropsaridae	family	1	Enchelyopus	genus	1	Enchelyopus_cimbrius	species	1
8e74674bf1ff5e0ba874e2268945b182	0	8	0	0	0	0	0	0	0	0	0	0	0	0	0	0	0	0	0	0	0	0	0	0	0	0	0	0	0	0	0	0	0	5	0	11	7	4	0	19	8	19	42	0	0	3	0	11	44	24	18	45	0	0	26	21	8	0	0	0	0	0	0	0	0	0	0	0	0	0	0	0	0	0	0	0	0	0	0	0	0	0	0	Metazoa	1	Chordata	phylum	1	Actinopteri	class	1	Cyprinodontiformes	order	1	Fundulidae	family	1	Fundulus	genus	1	Fundulus_heteroclitus	species	1
0d08491772685553faedc348a2d62a58	0	0	0	0	0	0	0	0	0	0	0	0	0	0	0	0	0	0	0	0	0	0	0	0	0	0	0	0	0	0	0	0	6	0	0	10	4	0	11	0	0	0	0	0	0	0	0	9	0	0	0	8	0	0	0	4	2	0	5	7	0	0	4	0	0	0	0	0	0	0	0	0	0	0	0	0	0	0	0	0	0	0	0	Metazoa	1	Chordata	phylum	1	Actinopteri	class	1	Gadiformes	order	1	Gadidae	family	1	Microgadus	genus	1	Microgadus_tomcod	species	1
a7bd2e589303dcce6ec90f9491fe2068	0	0	0	0	77	0	0	0	0	0	0	0	0	0	0	0	0	0	0	0	0	0	0	0	0	0	0	0	0	0	0	0	0	0	0	0	0	0	0	0	0	0	0	0	0	0	0	0	0	0	0	0	0	0	0	0	0	0	0	0	0	0	0	0	0	0	0	0	0	0	0	0	0	0	0	0	0	0	0	0	0	0	0	Metazoa	1	Cnidaria	phylum	0.99	Hydrozoa	class	0.99	Anthoathecata	order	0.95	Protohydridae	family	0.91	Protohydra	genus	0.91	Protohydra_leuckarti	species	0.91
ac061b03576d7001d9055ea2e000ee05	0	0	0	0	0	0	0	0	0	0	0	0	0	0	0	0	0	0	0	0	0	0	0	0	0	0	0	0	0	0	0	0	12	0	0	16	2	10	15	27	32	25	192	0	6	9	8	0	7	9	6	2	0	9	69	41	9	16	6	0	0	17	2	0	0	0	0	5	0	0	0	0	0	0	0	0	0	0	0	0	3	0	0	Metazoa	1	Cnidaria	phylum	1	Hydrozoa	class	1	Leptothecata	order	1	Campanulariidae	family	1	Hartlaubella	genus	1	Hartlaubella_gelatinosa	species	1
7bc0e01214d64e4004b5d09698847c9a	0	7	0	0	0	0	0	33	0	0	5	3	10	10	2	0	0	0	0	0	0	0	0	0	5	0	3	7	0	4	0	3	0	0	0	0	0	0	0	0	0	0	0	0	0	0	0	0	0	0	0	0	0	0	5	0	0	0	0	0	0	0	0	6	9	48	0	9	0	6	0	16	18	0	0	0	0	7	19	0	0	0	0	Metazoa	1	Cnidaria	phylum	1	Hydrozoa	class	1	Leptothecata	order	1	Haleciidae	family	1	Halecium	genus	1	Halecium_halecinum	species	1
64cb7de8f73ae90c1d1b6061354f61f8	0	0	0	0	0	0	7	0	0	0	7	0	0	0	0	0	0	0	0	0	5	0	0	0	0	0	0	124	0	0	0	0	0	0	0	0	0	0	0	0	0	0	0	0	0	0	0	0	0	0	0	0	0	0	0	0	0	0	0	0	0	0	0	0	0	0	0	0	0	0	0	15	0	0	0	0	0	0	0	60	0	0	0	Metazoa	1	Cnidaria	phylum	1	Hydrozoa	class	1	Leptothecata	order	1	Obeliidae	family	1	Obelia	genus	1	Obelia_geniculata	species	1
abdaebcf4374152cfdc4aed215c53144	0	0	0	0	0	0	0	0	0	0	0	0	0	0	0	0	0	0	0	0	0	0	0	0	0	0	0	0	0	0	0	0	0	0	0	0	0	0	0	20	3	0	0	0	7	17	109	0	0	5	8	0	0	5	7	0	3	0	0	0	0	0	0	0	0	0	0	0	0	0	0	0	0	0	0	0	0	0	0	0	0	0	0	Metazoa	1	Cnidaria	phylum	1	Hydrozoa	class	1	Leptothecata	order	1	Obeliidae	family	1	Obelia	genus	1	Obelia_dichotoma	species	1
d5a306a5224bd51120c4471dccfe248b	0	0	0	0	7	0	0	0	0	0	0	0	0	0	0	0	0	0	5	0	0	0	6	0	6	0	0	0	0	0	0	0	0	0	0	0	0	0	0	0	4	0	0	0	0	0	9	10	0	0	6	0	0	0	0	0	0	0	7	20	0	0	0	0	0	0	0	0	0	0	0	0	6	0	0	0	0	0	0	0	0	0	0	Metazoa	1	Cnidaria	phylum	1	Hydrozoa	class	1	Siphonophorae	order	1	Agalmatidae	family	1	Nanomia	genus	1	Nanomia_cara	species	1
77926f275335abe8e33fd928349605d4	0	0	0	0	0	0	0	0	0	8	5	0	0	4	0	0	0	0	0	0	0	0	0	0	0	0	0	0	0	0	0	0	0	0	0	0	0	0	0	0	0	0	0	0	0	0	0	0	0	0	3	0	0	0	0	0	0	46	0	0	0	0	0	0	0	0	0	0	0	0	0	9	0	0	0	0	0	0	0	5	0	0	0	Metazoa	1	Cnidaria	phylum	1	Hydrozoa	class	1	Leptothecata	order	1	Sertulariidae	family	1	Dynamena	genus	1	Dynamena_pumila	species	1
6be75e2a8b25d1d0ec37ba1521f001d4	0	0	0	0	0	0	0	0	0	0	0	0	0	0	0	0	0	0	0	0	0	0	0	0	0	0	0	0	0	0	0	0	0	0	0	0	0	0	0	0	0	19	10	0	0	0	0	31	16	14	45	4	0	0	71	24	0	0	0	0	0	0	7	0	0	0	0	0	0	0	0	0	0	0	0	0	0	0	0	0	0	0	0	undef_Eukaryota	0.89	Discosea	phylum	0.81	Flabellinia	class	0.81	Dactylopodida	order	0.81	Paramoebidae	family	0.81	Paramoeba	genus	0.81	Paramoeba_pemaquidensis	species	0.42
26d49bcc875aa96241989c78327d9c4f	0	0	0	0	0	0	0	0	0	0	0	0	0	0	0	0	0	10	0	0	10	0	0	0	0	0	0	0	0	9	9	0	0	0	0	0	0	0	0	0	7	0	0	0	0	0	0	0	0	0	0	0	0	0	12	0	0	0	0	0	0	0	0	0	13	13	0	0	0	0	0	33	27	0	0	0	0	0	0	0	7	0	0	undef_Eukaryota	0.97	Discosea	phylum	0.94	Flabellinia	class	0.94	Dactylopodida	order	0.94	Paramoebidae	family	0.94	Paramoeba	genus	0.91	Paramoeba_aestuarina	species	0.52
50180c3ecd019175129e389a5b37122b	0	0	0	0	0	0	0	0	0	0	0	0	0	0	0	0	0	0	0	0	0	0	0	0	0	0	0	0	0	0	0	0	0	0	0	0	0	0	0	0	7	0	0	0	0	0	0	0	0	12	5	0	0	0	0	0	0	0	17	0	0	3	0	0	0	9	0	0	0	0	0	0	46	0	0	0	0	0	0	0	0	0	0	undef_Eukaryota	0.97	Discosea	phylum	0.94	Flabellinia	class	0.92	Dactylopodida	order	0.92	Paramoebidae	family	0.92	Paramoeba	genus	0.92	Paramoeba_pemaquidensis	species	0.9
1250bd892a1df414d0059905c8ca3c72	0	0	0	0	0	0	0	0	0	0	0	0	0	0	0	0	0	0	0	0	0	0	0	0	0	0	0	0	0	0	0	0	0	0	0	0	5	0	0	0	0	0	0	0	0	0	0	28	9	0	8	0	0	0	0	0	0	0	0	0	0	5	0	0	0	0	0	0	0	0	0	0	0	0	0	0	0	0	0	0	0	0	0	undef_Eukaryota	0.89	Discosea	phylum	0.8	undef_Discosea	class	0.8	Himatismenida	order	0.8	Cochliopodiidae	family	0.8	Cochliopodium	genus	0.8	Cochliopodium_arabianum	species	0.33
6abd3b7a6ae951e3e8a7539d08ff76e1	0	0	3	0	0	0	0	0	0	0	0	0	0	0	0	0	0	0	0	0	0	0	0	0	0	0	3	0	0	0	0	0	0	0	0	4	0	8	21	15	50	22	32	0	4	0	9	48	0	17	0	10	0	0	32	42	7	0	0	11	0	5	0	0	0	0	0	0	7	0	0	0	0	0	0	25	0	0	0	0	0	0	0	undef_Eukaryota	0.89	Discosea	phylum	0.86	undef_Discosea	class	0.86	Himatismenida	order	0.86	Cochliopodiidae	family	0.86	Cochliopodium	genus	0.86	Cochliopodium_marrii	species	0.3
c94ed1bcc3d7bc3592542b4b16465c14	0	0	0	0	0	0	0	0	0	0	0	0	0	0	0	0	0	0	0	0	0	0	0	0	0	0	0	0	0	0	0	0	0	0	0	0	6	6	0	0	4	20	0	0	13	0	0	0	0	0	0	0	0	0	0	0	0	0	9	0	0	0	0	0	0	0	0	0	0	0	0	0	0	0	0	0	0	0	0	0	0	0	0	undef_Eukaryota	0.94	Discosea	phylum	0.9	undef_Discosea	class	0.89	Himatismenida	order	0.89	Cochliopodiidae	family	0.89	Cochliopodium	genus	0.89	Cochliopodium_larifeili	species	0.71
84ab00cf23adc429c33929ff3e469e48	0	4	0	0	0	0	0	0	0	0	0	0	0	0	0	0	0	0	6	0	0	0	8	0	0	0	0	0	0	0	0	0	0	0	0	0	0	0	0	0	0	3	5	0	0	0	6	9	14	8	21	0	0	6	13	4	12	0	6	0	0	0	0	0	0	0	0	0	0	0	0	6	11	18	0	0	0	0	0	0	0	0	0	undef_Eukaryota	1	Evosea	phylum	1	undef_Evosea	class	1	undef_undef_Evosea	order	1	undef_undef_undef_Evosea	family	1	Squamamoeba	genus	1	Squamamoeba_japonica	species	1
50fb660e9d212b40fff39555480bec7d	69	191	152	189	71	117	164	154	159	125	191	292	222	105	232	147	67	217	144	57	90	75	105	0	248	55	150	125	164	110	246	40	0	6	27	0	37	43	86	106	104	48	65	2	41	68	40	59	100	189	136	73	37	172	184	97	76	172	114	74	111	120	127	118	143	184	152	151	141	109	262	292	188	175	50	172	51	40	121	91	159	0	0	undef_Eukaryota	0.91	Haptophyta	phylum	0.86	undef_Haptophyta	class	0.86	Phaeocystales	order	0.86	Phaeocystaceae	family	0.86	Phaeocystis	genus	0.86	Phaeocystis_pouchetii	species	0.84
32d43b8f2a65ef96cd2cd475ec6583b5	0	71	39	44	0	45	51	37	0	0	66	0	0	0	67	54	0	61	0	0	31	0	37	0	47	0	32	36	0	42	35	0	0	0	0	0	0	0	0	0	42	0	0	0	26	0	0	0	0	0	0	0	0	53	40	40	0	80	60	28	38	0	0	0	0	49	32	0	0	0	0	0	51	0	0	73	0	0	0	0	60	0	0	undef_Eukaryota	0.96	Haptophyta	phylum	0.88	undef_Haptophyta	class	0.88	Phaeocystales	order	0.88	Phaeocystaceae	family	0.88	Phaeocystis	genus	0.88	Phaeocystis_pouchetii	species	0.87
6bd9a234c1f4639b2ac42050b0fb78ad	0	0	0	0	0	0	0	0	0	0	0	0	0	0	0	0	0	0	0	0	0	0	0	0	0	0	0	0	0	0	39	0	0	0	0	0	0	0	0	0	0	0	0	0	0	0	0	0	0	0	0	0	0	0	0	0	0	0	0	0	0	0	0	0	0	0	0	0	0	0	0	0	0	0	0	0	0	0	0	126	0	0	0	Metazoa	1	Mollusca	phylum	1	Bivalvia	class	1	Venerida	order	1	Mactridae	family	1	Spisula	genus	1	Spisula_solidissima	species	1
d23449fec348d5bcc5c7bef97df99da6	0	0	0	0	0	0	0	0	0	0	0	0	0	0	0	25	0	0	0	0	0	0	6	0	0	0	0	0	0	0	0	0	0	0	0	0	0	0	0	0	0	0	0	0	0	0	0	0	0	0	0	0	0	0	0	0	0	0	0	0	0	0	0	0	0	0	0	0	0	0	0	23	11	7	0	0	0	0	9	0	3	0	0	Metazoa	1	Mollusca	phylum	1	Bivalvia	class	1	Mytilida	order	1	Mytilidae	family	1	Modiolus	genus	1	Modiolus_modiolus	species	1
939ed73037e9d53d93637a471d9952ef	0	0	0	0	0	0	0	0	0	0	0	0	0	0	0	0	0	19	0	0	0	0	0	0	0	0	0	0	0	0	0	0	0	0	0	0	0	0	0	0	0	0	0	0	0	0	0	0	0	0	0	0	0	0	0	0	0	0	0	0	0	0	0	0	0	0	0	0	22	19	0	0	0	0	0	0	0	6	0	0	0	0	0	Metazoa	1	Mollusca	phylum	1	Bivalvia	class	1	Mytilida	order	1	Mytilidae	family	1	Modiolus	genus	1	Modiolus_modiolus	species	1
4670e9b1a6fad0557aa8f4a353dc01c1	0	0	0	0	0	0	0	0	0	0	0	0	0	0	0	0	0	0	0	0	0	0	0	0	0	0	0	0	0	0	0	0	374	0	0	372	0	0	0	185	0	726	0	0	0	0	0	192	0	471	0	0	1373	0	0	0	0	0	0	0	0	0	0	0	0	0	0	0	0	0	0	0	0	0	0	0	0	0	0	0	0	0	0	Metazoa	1	Mollusca	phylum	1	Gastropoda	class	1	Littorinimorpha	order	1	Cochliopidae	family	1	Spurwinkia	genus	1	Spurwinkia_salsa	species	1
f41416e46b862ed4c6c8b8218b0f0734	0	0	0	0	0	0	0	0	0	0	0	0	0	0	0	0	0	0	0	0	0	0	0	0	0	0	0	0	0	0	0	0	1405	888	0	230	0	0	0	0	0	0	829	0	0	0	0	0	0	0	0	0	0	0	0	0	0	0	0	0	0	0	0	0	0	0	0	0	0	0	0	0	0	0	0	0	0	0	0	0	0	0	0	Metazoa	1	Mollusca	phylum	1	Gastropoda	class	1	Littorinimorpha	order	1	Cochliopidae	family	1	Spurwinkia	genus	1	Spurwinkia_salsa	species	1
c54142d800843575436baab9a8477efc	0	0	0	0	0	0	0	0	0	0	0	0	0	0	0	0	0	0	0	0	0	0	0	0	0	0	0	0	0	0	0	0	0	0	0	0	0	0	0	0	0	0	0	0	0	0	0	0	0	0	0	1217	0	0	0	0	0	0	0	0	0	0	0	0	0	0	0	0	0	0	0	0	0	0	0	0	0	0	0	0	0	0	0	Metazoa	1	Mollusca	phylum	1	Gastropoda	class	1	Littorinimorpha	order	1	Cochliopidae	family	1	Spurwinkia	genus	1	Spurwinkia_salsa	species	1
bf417e9e7eaca8e0386817bb985df151	0	0	0	0	0	0	0	0	0	0	0	0	0	0	0	0	0	0	0	0	0	0	0	0	0	0	0	0	0	0	0	0	0	0	708	0	0	0	0	0	0	0	0	0	0	0	0	0	0	0	0	0	0	0	0	0	0	0	0	0	0	0	0	0	0	0	0	0	0	0	0	0	0	0	0	0	0	0	0	0	0	0	0	Metazoa	1	Mollusca	phylum	1	Gastropoda	class	1	Littorinimorpha	order	1	Cochliopidae	family	1	Spurwinkia	genus	1	Spurwinkia_salsa	species	1
44d6664e8d3dea9695851408854fe562	20	0	0	0	0	0	0	0	0	0	0	0	0	0	0	0	0	0	0	0	0	0	0	0	0	0	0	0	0	0	0	0	0	0	0	0	0	0	0	0	0	0	0	0	0	0	0	0	0	0	0	0	0	0	0	0	0	0	0	0	0	0	0	0	0	406	0	0	0	0	0	0	0	0	0	0	0	0	0	0	0	0	0	Metazoa	1	Mollusca	phylum	1	Gastropoda	class	1	Nudibranchia	order	1	Polyceridae	family	1	Palio	genus	1	Palio_dubia	species	1
9cf0032e27cc2adb3d557ecae91122d8	0	0	0	0	0	117	0	0	0	0	0	0	0	0	0	0	0	0	0	0	0	0	0	0	0	0	0	0	0	0	0	0	0	0	0	0	0	0	0	305	0	0	0	0	0	0	0	0	0	0	0	0	0	0	0	0	0	0	0	0	0	0	0	0	0	0	0	0	0	0	0	0	0	0	0	0	0	0	0	0	0	0	0	Metazoa	1	Mollusca	phylum	1	Gastropoda	class	1	Nudibranchia	order	1	Trinchesiidae	family	1	Catriona	genus	1	Catriona_gymnota	species	1
891f54ffdadf4de65d9e993b96f8fac6	0	0	0	0	0	0	0	0	285	0	0	0	0	0	0	0	0	0	0	0	0	0	0	0	0	0	0	0	0	0	0	0	0	0	0	0	0	0	0	0	0	0	0	0	0	0	0	0	0	0	0	0	0	0	0	0	0	0	0	0	0	0	0	0	0	0	0	0	0	0	0	0	0	0	0	0	0	0	0	0	0	0	0	Metazoa	1	Mollusca	phylum	1	Gastropoda	class	1	Nudibranchia	order	1	Dotidae	family	1	Doto	genus	1	Doto_coronata	species	1
ffaf13967cc040826ea65616dc067f78	0	0	0	0	0	0	0	0	0	0	0	0	0	0	0	0	0	0	0	0	0	0	0	0	0	0	0	0	0	0	0	0	240	0	0	0	0	0	0	0	0	0	0	0	0	0	0	0	0	0	0	0	0	0	0	0	0	0	0	0	0	0	0	0	0	0	0	0	0	0	0	0	0	0	0	0	0	0	0	0	0	0	0	Metazoa	1	Mollusca	phylum	1	Gastropoda	class	1	Littorinimorpha	order	1	Cochliopidae	family	1	Spurwinkia	genus	1	Spurwinkia_salsa	species	1
78f945d080a6d6c3c5df8ebcaf36664e	0	0	0	0	0	0	0	0	0	0	0	0	0	0	0	0	0	0	0	0	0	0	0	0	0	0	0	0	0	0	0	0	0	0	0	0	0	0	0	0	0	0	0	0	0	0	0	0	0	0	0	0	0	0	0	0	0	0	0	0	0	0	0	0	0	0	0	0	0	0	0	0	0	0	177	0	0	0	0	0	0	0	0	Metazoa	1	Mollusca	phylum	1	Gastropoda	class	1	Nudibranchia	order	1	Eubranchidae	family	1	Amphorina	genus	1	Amphorina_pallida	species	1
fa74b930b4f821c514b1e622db9a36de	0	0	0	0	0	0	0	0	0	0	0	0	0	0	0	0	0	0	0	0	0	0	0	0	0	0	0	0	0	0	0	0	0	0	0	0	0	0	0	0	0	0	0	0	0	0	0	0	0	0	0	0	0	0	0	0	0	0	0	95	0	0	0	0	0	0	0	0	0	0	0	0	0	0	0	0	0	0	0	0	0	0	0	Metazoa	1	Mollusca	phylum	1	Gastropoda	class	1	Nudibranchia	order	1	Tergipedidae	family	1	Tergipes	genus	1	Tergipes_tergipes	species	1
d84deb216d550fcf9f4f8a1ce1a66cd8	0	0	0	0	0	0	0	0	0	0	0	0	0	0	0	0	0	0	0	0	0	0	0	0	0	0	0	0	0	0	0	0	0	9	0	13	0	0	0	10	8	7	0	0	0	0	0	0	6	0	0	0	7	0	0	0	0	0	0	0	0	0	0	0	0	0	0	0	0	0	0	0	0	0	0	0	0	0	0	0	0	0	0	Fungi	1	Mucoromycota	phylum	1	Mucoromycetes	class	0.99	Mucorales	order	0.99	Mucoraceae	family	0.99	Mucor	genus	0.99	Mucor_circinelloides	species	0.91
67346e4ff6c72531793b2ece7a2ebad5	0	0	0	0	0	0	0	0	0	0	0	0	0	0	0	0	0	0	0	0	0	0	0	0	0	0	0	0	0	0	0	0	0	29	0	0	0	0	0	0	0	0	0	0	0	0	0	18	0	0	18	0	0	0	0	0	0	0	0	0	0	0	0	0	0	0	0	0	0	0	0	0	0	0	0	0	0	0	0	0	0	0	0	Fungi	1	Mucoromycota	phylum	1	Mucoromycetes	class	1	Mucorales	order	1	Mucoraceae	family	1	Mucor	genus	1	Mucor_circinelloides	species	0.93
6d494ee54ffb8b90eaf0d9ede9da0c45	0	0	0	0	0	0	0	0	0	0	0	0	0	0	0	0	0	0	0	0	0	0	0	0	0	0	0	0	0	0	0	0	0	12	0	0	0	0	0	0	0	0	0	0	0	11	5	0	8	0	0	0	0	0	0	0	0	0	0	5	0	0	0	0	0	0	0	0	0	0	0	0	0	16	0	0	0	0	0	0	0	0	0	Fungi	1	Mucoromycota	phylum	1	Umbelopsidomycetes	class	1	Umbelopsidales	order	1	Umbelopsidaceae	family	1	Umbelopsis	genus	1	Umbelopsis_dimorpha	species	0.84
6cdb9d66d67eb17b7bdc21e887e3262f	0	0	0	0	0	0	0	0	0	0	0	0	0	0	0	0	0	0	0	0	0	0	0	0	0	0	0	0	0	0	0	0	0	0	0	0	0	0	0	0	0	0	0	0	0	0	0	0	0	0	0	0	0	0	0	0	694	0	0	0	0	0	0	0	0	0	0	0	0	0	0	0	0	0	0	0	0	0	0	0	0	0	0	Metazoa	1	Nematoda	phylum	1	Chromadorea	class	1	Monhysterida	order	1	Linhomoeidae	family	1	Terschellingia	genus	1	Terschellingia_longicaudata	species	1
46e1a863b2893a2d5517adfd0978ef15	0	0	0	0	0	0	0	0	0	0	0	0	0	0	0	0	0	0	0	0	0	0	0	0	0	0	0	0	0	0	0	0	0	0	0	0	0	0	0	0	0	314	0	0	0	0	0	0	0	0	0	0	0	0	0	0	0	0	0	0	0	0	0	0	0	0	0	0	0	0	0	0	0	0	0	0	0	0	0	0	0	0	0	Metazoa	1	Nematoda	phylum	1	Chromadorea	class	1	Monhysterida	order	1	Monhysteridae	family	1	Diplolaimella	genus	1	Diplolaimella_dievengatensis	species	1
1aa146bcaf8a9de155b4c1f8cf053c5f	0	0	0	0	0	0	0	0	0	0	0	0	0	0	0	0	0	0	0	0	0	0	0	0	0	0	0	21	0	0	0	0	0	0	0	0	0	0	0	0	0	0	0	0	0	16	0	36	0	0	0	0	0	0	0	0	0	0	0	0	0	12	0	0	0	0	0	0	0	0	0	0	0	0	0	0	0	0	0	0	0	0	0	undef_Eukaryota	1	Oomycota	phylum	1	undef_Oomycota	class	1	Pythiales	order	0.87	Pythiaceae	family	0.87	Halophytophthora	genus	0.87	Halophytophthora_vesicula	species	0.57
898e5f6bb722ab37ce625030c34dd30a	0	10	0	0	0	0	0	0	0	0	0	0	0	0	0	0	0	0	0	0	0	0	0	0	0	0	0	0	0	0	0	0	0	0	0	0	7	0	23	0	0	113	77	0	0	0	0	97	16	38	41	41	0	0	32	0	0	0	0	0	0	0	0	0	0	0	0	0	0	0	0	0	10	0	0	0	0	0	0	0	0	0	0	undef_Eukaryota	1	Oomycota	phylum	1	undef_Oomycota	class	1	Pythiales	order	0.93	Pythiaceae	family	0.93	Halophytophthora	genus	0.93	Halophytophthora_vesicula	species	0.6
fb9e2f38f628c4eadfa7f13efaca928b	0	0	0	0	0	0	0	0	0	0	0	0	0	0	0	0	0	0	0	0	0	0	0	0	0	0	0	0	0	0	0	0	16	30	31	25	0	0	0	0	0	19	35	0	0	0	0	0	0	0	0	0	0	0	0	0	0	0	0	0	0	0	0	0	0	0	0	0	0	0	0	0	0	0	0	0	0	0	0	0	0	0	0	undef_Eukaryota	1	Oomycota	phylum	1	undef_Oomycota	class	1	Pythiales	order	0.99	Pythiaceae	family	0.99	Pythium	genus	0.96	Pythium_inflatum	species	0.78
6a502dcf88c374c6e40e06195675706b	0	0	0	0	0	0	0	0	0	0	0	0	0	0	0	0	0	0	0	0	0	0	0	0	0	0	0	0	0	0	0	0	0	0	0	0	8	0	0	0	0	0	0	0	0	0	0	0	7	18	20	0	0	0	0	0	0	0	0	0	0	0	0	0	0	0	0	0	0	0	0	0	0	0	0	0	0	0	0	0	0	0	0	undef_Eukaryota	1	Oomycota	phylum	1	undef_Oomycota	class	1	Pythiales	order	0.98	Pythiaceae	family	0.98	Halophytophthora	genus	0.98	Halophytophthora_vesicula	species	0.48
66468dca7ca74d5f95fd0d60461f985a	0	0	0	0	0	0	0	0	0	0	0	0	0	0	0	0	0	0	0	0	0	0	0	0	0	3816	0	0	10984	0	0	0	0	0	0	0	0	0	0	0	0	0	0	0	0	0	0	0	0	0	0	0	0	0	0	0	0	0	0	0	0	0	0	0	0	0	0	0	0	0	0	0	0	0	0	0	0	0	0	0	0	0	0	Metazoa	1	Platyhelminthes	phylum	1	Rhabditophora	class	1	Macrostomida	order	1	Microstomidae	family	1	Microstomum	genus	1	Microstomum_compositum	species	1
93afbfc8fde8594380daf49d571c80f0	0	0	0	0	0	0	0	0	0	0	0	0	0	0	0	0	0	0	0	0	0	0	0	0	0	0	0	0	0	0	0	0	0	0	0	0	0	0	0	0	0	0	0	0	0	0	0	0	0	0	0	0	0	0	0	0	0	0	0	0	0	0	0	0	0	0	0	0	0	0	0	0	0	0	0	0	0	0	0	409	0	0	0	Metazoa	1	Platyhelminthes	phylum	1	Rhabditophora	class	1	Macrostomida	order	1	Microstomidae	family	1	Microstomum	genus	1	Microstomum_compositum	species	1
a6b11d22f992d5e8e86c78381ec3bf13	0	0	0	0	0	0	0	0	0	0	0	0	0	0	0	0	0	0	0	0	0	0	0	0	0	30	0	0	324	0	0	0	0	0	0	0	0	0	0	0	0	0	0	0	0	0	0	0	0	0	0	0	0	0	0	0	0	0	0	0	0	0	0	0	0	0	0	0	0	0	0	0	0	0	0	0	0	0	0	0	0	0	0	Metazoa	1	Platyhelminthes	phylum	1	Rhabditophora	class	1	Macrostomida	order	1	Microstomidae	family	1	Microstomum	genus	1	Microstomum_compositum	species	1
c80b348f05231dca781e23abc7ae4f77	5	7	8	0	0	10	11	2	11	3	0	0	0	0	0	0	0	0	0	0	0	0	6	0	10	0	0	6	0	0	20	0	0	0	0	0	0	0	0	0	0	0	10	0	0	0	0	16	17	0	0	10	0	3	16	17	11	0	19	5	0	0	0	5	0	34	0	8	3	4	9	23	23	8	9	0	0	5	0	4	5	0	0	Viridiplantae	0.87	Prasinodermophyta	phylum	0.85	Prasinodermophyceae	class	0.85	Prasinodermales	order	0.85	Prasinodermaceae	family	0.85	Prasinoderma	genus	0.85	Prasinoderma_coloniale	species	0.85
526385fdfb01313e969502ea98732bb4	0	0	0	8	0	0	0	7	0	0	0	0	0	0	0	0	0	0	4	0	0	0	0	0	7	0	0	0	0	0	0	0	0	0	0	0	0	0	0	0	0	0	0	0	0	0	0	8	0	0	0	0	0	0	0	0	0	0	0	0	0	0	0	0	0	0	0	0	0	6	0	0	0	0	0	12	0	0	0	4	0	0	0	Viridiplantae	0.94	Prasinodermophyta	phylum	0.91	Prasinodermophyceae	class	0.91	Prasinodermales	order	0.91	Prasinodermaceae	family	0.91	Prasinoderma	genus	0.91	Prasinoderma_coloniale	species	0.91
735b267e5a13a137d0779bcff5c7b74d	0	0	22	33	0	0	0	0	18	0	12	0	8	9	0	0	0	28	0	7	17	0	12	0	0	0	14	0	12	21	0	7	0	0	0	0	0	0	5	6	11	6	14	0	0	0	0	6	0	0	0	10	4	0	8	0	9	0	4	0	10	0	0	0	21	7	0	0	6	4	0	0	0	20	0	0	0	0	0	0	0	0	0	Viridiplantae	0.98	Prasinodermophyta	phylum	0.98	Prasinodermophyceae	class	0.98	Prasinodermales	order	0.98	Prasinodermaceae	family	0.98	Prasinoderma	genus	0.98	Prasinoderma_coloniale	species	0.98
8319606ad1afb21e9f49f4487e41a83c	0	10	0	0	0	14	0	0	0	0	0	25	0	0	0	0	0	0	10	0	0	0	0	0	17	0	0	0	0	0	0	0	0	0	0	0	0	0	0	0	0	0	0	0	0	0	0	0	0	0	0	0	0	0	0	14	0	0	0	0	0	0	0	0	0	0	11	0	0	0	0	21	0	0	0	6	0	0	0	0	0	0	0	Viridiplantae	0.99	Prasinodermophyta	phylum	0.99	Prasinodermophyceae	class	0.99	Prasinodermales	order	0.99	Prasinodermaceae	family	0.99	Prasinoderma	genus	0.99	Prasinoderma_coloniale	species	0.99
76740983631cf1db99d2dda81e508fae	0	5	0	7	0	0	7	0	0	0	0	0	0	0	3	0	0	0	0	0	0	0	0	0	0	0	7	0	6	0	0	0	0	0	0	0	0	0	0	0	0	0	0	0	0	7	0	4	0	12	11	0	0	0	0	0	0	0	3	6	0	0	0	0	0	27	0	0	3	12	0	39	45	16	0	0	0	0	12	6	3	0	0	undef_Bacteria_bacteria	0.96	Proteobacteria	phylum	0.84	Gammaproteobacteria	class	0.8	Pseudomonadales	order	0.8	Pseudomonadaceae	family	0.8	Pseudomonas	genus	0.8	Pseudomonas_fluorescens	species	0.58
deb3280318dd3108dc40a3cca069a289	0	0	0	0	0	0	0	0	0	0	0	0	0	0	0	0	0	0	0	0	0	0	0	0	0	0	0	0	0	0	0	0	0	0	0	3	0	0	0	0	3	2	2	0	0	0	6	0	0	0	0	0	0	8	0	8	0	0	0	0	0	0	0	0	0	8	5	7	0	0	0	0	6	0	0	0	0	0	0	0	0	0	0	undef_Bacteria_bacteria	0.88	Proteobacteria	phylum	0.81	Gammaproteobacteria	class	0.81	Pseudomonadales	order	0.81	Pseudomonadaceae	family	0.81	Pseudomonas	genus	0.81	Pseudomonas_fragi	species	0.35
3c8813f3c7470e57ce0c1962fb751883	0	7	0	0	0	0	0	0	0	0	0	0	0	0	0	0	8	0	0	0	0	0	0	0	0	0	0	0	0	0	0	8	0	0	0	0	0	0	0	0	0	0	0	0	0	0	0	5	0	0	0	8	0	0	0	0	0	0	0	17	12	0	0	0	10	0	0	0	0	0	0	0	0	0	0	16	0	5	8	8	0	0	0	undef_Bacteria_bacteria	0.89	Proteobacteria	phylum	0.85	Gammaproteobacteria	class	0.82	Pseudomonadales	order	0.82	Pseudomonadaceae	family	0.82	Pseudomonas	genus	0.82	Pseudomonas_fluorescens	species	0.69
f2d0bbeb553ea3398b1fa0d37fe8466e	0	0	9	11	5	23	0	0	12	11	11	8	15	5	0	14	0	17	0	10	9	27	14	0	9	17	7	18	0	14	14	0	0	0	0	0	3	0	14	5	10	0	0	0	0	11	15	0	0	0	7	0	18	11	0	0	5	0	15	0	0	15	0	0	0	13	19	3	0	0	17	14	6	0	0	0	0	0	0	0	12	0	0	undef_Bacteria_bacteria	0.92	Proteobacteria	phylum	0.88	Gammaproteobacteria	class	0.84	Pseudomonadales	order	0.84	Pseudomonadaceae	family	0.84	Pseudomonas	genus	0.84	Pseudomonas_fluorescens	species	0.71
aa839aec0b016201cda63b31dff4dd02	0	0	0	0	0	0	0	0	0	0	0	0	0	0	0	0	0	0	0	0	0	0	0	0	0	0	0	0	0	0	0	0	0	0	0	0	4	0	0	0	0	0	0	0	0	0	0	13	0	0	31	0	0	0	0	6	0	0	0	2	0	0	0	0	0	0	0	0	0	0	0	0	0	0	0	0	0	0	0	0	0	0	0	undef_Bacteria_bacteria	0.94	Proteobacteria	phylum	0.91	Gammaproteobacteria	class	0.86	Pseudomonadales	order	0.86	Pseudomonadaceae	family	0.86	Pseudomonas	genus	0.86	Pseudomonas_fluorescens	species	0.43
0d57e773ce990cbb8ede12d29f62d68a	0	0	0	0	0	0	0	0	0	0	0	0	0	0	0	0	0	0	0	0	0	0	0	0	0	0	0	0	0	0	0	0	0	0	0	5	0	0	5	0	0	9	0	0	0	6	0	0	3	13	0	5	0	0	16	0	0	0	0	0	0	0	7	0	0	0	0	0	0	0	0	0	0	0	0	0	0	0	0	0	0	0	0	undef_Bacteria_bacteria	0.99	Proteobacteria	phylum	0.92	Gammaproteobacteria	class	0.88	Pseudomonadales	order	0.88	Pseudomonadaceae	family	0.88	Pseudomonas	genus	0.88	Pseudomonas_fluorescens	species	0.48
9dd15878d162e1645ed73fe68e5113e6	0	0	0	0	0	8	0	0	0	0	5	0	0	0	0	0	0	0	0	0	0	0	0	0	0	0	0	0	0	0	0	0	0	0	0	0	0	0	0	0	0	0	0	0	0	0	0	0	0	0	17	0	0	0	8	14	7	0	0	0	0	0	0	0	0	0	0	0	0	0	0	0	0	4	0	0	0	0	0	0	0	0	0	undef_Bacteria_bacteria	0.99	Proteobacteria	phylum	0.95	Gammaproteobacteria	class	0.94	Pseudomonadales	order	0.94	Pseudomonadaceae	family	0.94	Pseudomonas	genus	0.94	Pseudomonas_fluorescens	species	0.46
87ab36ca37bb4dd674fd9ee21792e79f	0	0	0	0	0	0	0	0	0	0	4	98	79	11	0	28	0	28	0	0	7	0	35	0	0	22	0	0	0	0	0	0	0	0	0	0	0	0	0	0	0	0	0	0	0	0	0	0	12	0	0	0	0	0	0	0	0	0	0	0	0	0	0	0	0	0	0	0	0	0	0	0	0	0	0	0	0	0	0	0	40	0	0	undef_Eukaryota	1	Rhodophyta	phylum	1	Bangiophyceae	class	1	Bangiales	order	1	Bangiaceae	family	1	Wildemania	genus	1	Wildemania_amplissima	species	1
b5570c1823d3ad62c3f0454a88e1e709	11	12	0	0	0	0	3	0	0	10	17	9	0	0	26	0	15	0	0	24	0	0	0	0	0	0	3	36	22	0	0	0	0	0	0	0	0	0	0	0	0	0	0	0	0	0	0	0	0	0	0	0	0	0	0	0	0	0	0	0	3	0	0	0	0	0	0	0	0	0	0	0	0	11	0	0	0	0	0	0	0	0	0	undef_Eukaryota	1	Rhodophyta	phylum	1	Bangiophyceae	class	1	Bangiales	order	1	Bangiaceae	family	1	Porphyra	genus	1	Porphyra_purpurea	species	1
3a5c9bd747b5ec66f6eed2bb3373a105	0	0	0	0	0	0	0	0	0	0	14	0	0	0	13	0	6	10	0	0	0	27	0	0	17	0	0	0	0	0	0	0	0	0	0	0	0	0	0	0	0	0	0	0	0	0	0	0	0	0	0	0	0	0	0	0	0	0	0	0	0	0	0	0	0	20	0	34	0	0	0	0	0	0	0	0	0	0	0	0	0	0	0	undef_Eukaryota	1	Rhodophyta	phylum	1	Bangiophyceae	class	1	Bangiales	order	1	Bangiaceae	family	1	Boreophyllum	genus	1	Boreophyllum_birdiae	species	1
50ea816e8b79064135d165450914c939	0	14	0	0	0	0	0	0	0	0	0	0	8	0	0	0	0	0	0	0	0	0	0	0	0	0	0	0	0	0	0	0	0	0	0	0	0	0	0	0	0	0	0	0	0	0	0	0	0	0	0	0	0	0	0	0	0	0	0	0	0	0	0	0	0	0	39	0	0	0	0	0	0	0	0	0	0	0	0	0	0	0	0	undef_Eukaryota	1	Rhodophyta	phylum	1	Bangiophyceae	class	1	Bangiales	order	1	Bangiaceae	family	1	Porphyra	genus	1	Porphyra_linearis	species	1
9ff30822a34423b0192c51a973a634d2	0	0	0	0	0	0	0	0	0	0	0	0	0	0	20	0	0	0	0	0	0	0	0	0	0	0	0	0	0	0	0	0	0	0	0	0	0	0	0	0	0	0	0	0	0	0	0	0	0	0	41	0	0	0	0	0	0	0	0	0	0	0	0	0	0	0	0	0	0	0	0	0	18	8	0	0	0	0	0	0	0	0	0	undef_Eukaryota	1	Rhodophyta	phylum	1	Florideophyceae	class	1	Ceramiales	order	0.99	Rhodomelaceae	family	0.99	Polysiphonia	genus	0.99	Polysiphonia_stricta	species	0.95
526ec119ef17bc7443585944c63d63e0	0	4	9	0	0	0	0	0	15	0	25	114	11	49	65	39	13	0	0	0	0	0	26	0	0	11	0	0	0	0	0	0	0	0	0	0	0	0	0	7	7	0	0	0	3	0	0	0	11	0	0	0	0	0	26	0	3	0	0	0	0	0	6	0	15	48	5	25	0	4	0	58	27	0	14	6	0	0	0	7	7	0	0	undef_Eukaryota	1	Rhodophyta	phylum	1	Florideophyceae	class	1	Gigartinales	order	1	Gigartinaceae	family	1	Chondrus	genus	1	Chondrus_crispus	species	1
ca3c2d6b6faae76775dae5a837a12216	0	0	0	6	0	0	0	0	0	0	0	0	0	0	0	7	0	0	0	0	0	0	0	0	0	0	0	0	0	0	6	0	0	0	0	0	0	0	0	0	0	0	0	0	0	0	0	0	11	0	0	0	0	0	0	6	3	63	0	3	0	0	0	0	0	0	0	7	0	0	0	0	0	0	0	0	0	0	0	0	0	0	0	undef_Eukaryota	1	Rhodophyta	phylum	1	Florideophyceae	class	1	Ceramiales	order	1	Rhodomelaceae	family	1	Vertebrata_red_algae	genus	1	Vertebrata_nigra	species	1
c4e70e807c7fe5b9b6479b8a3761b2c4	0	0	0	0	0	0	0	5	0	0	4	0	0	0	0	0	0	0	0	0	0	0	17	0	0	0	0	0	0	0	0	0	0	0	0	0	0	0	0	0	0	0	0	0	0	0	0	0	5	0	23	0	0	28	0	0	0	0	0	0	0	9	0	0	8	0	0	0	9	0	0	0	0	0	0	0	0	0	0	0	0	0	0	undef_Eukaryota	1	Rhodophyta	phylum	1	Florideophyceae	class	1	Hildenbrandiales	order	1	Hildenbrandiaceae	family	1	Hildenbrandia	genus	1	Hildenbrandia_rubra	species	1
2e618741b25fc9157e44b2c8320f1fad	0	0	0	0	0	0	0	0	0	4	0	5	0	0	8	0	0	0	0	2	0	0	4	0	0	0	0	0	0	0	0	0	0	0	0	0	0	0	0	0	0	0	0	0	0	0	0	0	0	0	0	4	0	16	0	6	0	0	0	0	0	0	0	0	0	0	0	0	0	0	0	0	49	0	0	0	0	0	0	0	0	0	0	undef_Eukaryota	1	Rhodophyta	phylum	1	Florideophyceae	class	1	Ceramiales	order	1	Rhodomelaceae	family	1	Vertebrata_red_algae	genus	1	Vertebrata_lanosa	species	1
c878e53c08290496af4ee1facc88b51b	0	0	0	0	0	0	0	0	0	0	0	0	0	0	0	0	0	0	0	0	0	0	0	0	0	0	0	0	0	0	0	0	0	0	0	0	0	0	0	0	0	0	0	0	0	0	0	0	0	0	562	0	0	0	0	0	0	0	0	0	0	0	0	0	0	0	0	0	0	0	0	0	0	0	0	0	0	0	0	0	0	0	0	Metazoa	1	Rotifera	phylum	1	Eurotatoria	class	1	Ploima	order	1	Synchaetidae	family	1	Synchaeta	genus	1	Synchaeta_vorax	species	1
7de0f3e305a2ef76d2c36e7db0e76ac2	0	0	0	0	0	0	0	0	0	0	0	0	0	0	0	0	0	0	0	0	0	0	0	0	0	0	0	0	0	0	0	0	0	0	0	0	0	0	0	0	0	172	0	0	0	0	0	0	0	0	0	0	0	0	0	0	0	0	0	0	0	0	0	0	0	0	0	0	0	0	0	0	0	0	0	0	0	0	0	0	0	0	0	Metazoa	1	Rotifera	phylum	1	Eurotatoria	class	1	Ploima	order	1	Synchaetidae	family	1	Synchaeta	genus	1	Synchaeta_triophthalma	species	1
b8560304cd4e9a48eda17132083f8750	0	0	0	0	0	0	74	0	0	0	0	0	27	0	0	0	0	0	0	6	0	0	0	0	22	0	0	0	25	0	0	0	0	0	0	0	0	0	0	17	0	0	0	0	0	0	0	0	0	0	49	11	12	0	0	0	0	41	0	0	7	0	0	0	0	0	0	0	0	30	83	0	0	0	0	19	0	0	0	0	0	0	0	undef_Eukaryota	0.92	undef_undef_Eukaryota	phylum	0.85	Dictyochophyceae	class	0.83	Dictyochales	order	0.83	undef_Dictyochales	family	0.83	Vicicitus	genus	0.82	Vicicitus_globosus	species	0.82
5155070b0340a97b9dff7948ab030568	0	0	0	0	0	0	0	0	0	0	0	0	0	0	0	0	0	0	0	0	0	0	0	0	0	0	0	0	0	0	0	0	0	0	0	0	0	0	0	0	0	0	0	0	0	0	0	0	0	0	0	0	0	0	0	0	0	0	0	31	0	0	0	0	0	0	27	0	0	0	0	0	0	0	0	0	0	0	0	0	0	0	0	undef_Eukaryota	0.92	undef_undef_Eukaryota	phylum	0.87	Dictyochophyceae	class	0.85	Dictyochales	order	0.85	undef_Dictyochales	family	0.85	Vicicitus	genus	0.84	Vicicitus_globosus	species	0.84
7d6e3752918f8416e6b68a6f90144964	0	0	0	0	0	0	0	0	0	0	52	0	0	0	0	0	0	20	0	0	0	0	0	0	0	0	0	0	0	30	32	0	0	0	0	0	0	0	0	0	7	0	0	0	0	0	0	0	0	0	0	0	0	0	0	0	0	0	0	0	0	0	0	0	0	0	0	0	0	0	0	0	0	0	0	0	0	0	0	0	0	0	0	undef_Eukaryota	0.97	undef_undef_Eukaryota	phylum	0.94	Dictyochophyceae	class	0.93	Dictyochales	order	0.93	undef_Dictyochales	family	0.93	Vicicitus	genus	0.93	Vicicitus_globosus	species	0.93
b3737a6c98723db192fce1734beff8ef	0	18	0	0	0	0	0	0	28	17	0	174	27	0	54	15	0	0	85	0	0	34	24	0	0	23	12	99	51	0	78	11	0	0	0	0	0	0	25	0	0	0	0	0	0	24	0	14	0	0	0	0	0	0	23	38	29	181	0	0	0	12	30	17	17	13	0	24	0	22	86	0	61	57	0	28	0	10	22	0	57	0	0	undef_Eukaryota	0.97	undef_undef_Eukaryota	phylum	0.95	Dictyochophyceae	class	0.94	Dictyochales	order	0.94	undef_Dictyochales	family	0.94	Vicicitus	genus	0.94	Vicicitus_globosus	species	0.94
c0edf2f4a9bb190120d1f8e027fb344f	12	0	34	0	0	0	0	0	0	0	0	0	0	0	0	0	0	0	0	0	0	0	0	0	0	0	0	0	0	6	0	0	0	0	0	0	0	0	0	0	0	0	0	0	0	0	0	0	0	0	0	0	0	0	0	0	0	0	0	0	0	0	0	0	0	0	0	0	0	0	0	0	0	0	0	0	0	0	0	0	0	0	0	undef_Eukaryota	0.97	undef_undef_Eukaryota	phylum	0.95	Dictyochophyceae	class	0.94	Dictyochales	order	0.94	undef_Dictyochales	family	0.94	Vicicitus	genus	0.94	Vicicitus_globosus	species	0.94
62740764847c8b2207be54b46c8cf28a	0	0	110	0	0	0	0	0	0	0	0	0	0	18	0	0	0	0	64	0	0	0	0	0	0	0	0	0	0	0	0	0	0	0	0	0	0	0	0	0	0	0	0	0	0	0	0	0	0	15	0	0	0	0	0	0	0	0	0	0	0	0	0	0	0	0	0	0	0	0	0	24	0	0	0	0	0	0	0	0	0	0	0	undef_Eukaryota	0.97	undef_undef_Eukaryota	phylum	0.96	Dictyochophyceae	class	0.95	Dictyochales	order	0.95	undef_Dictyochales	family	0.95	Vicicitus	genus	0.95	Vicicitus_globosus	species	0.95
0fda47f611aa622a9dca4fb588d5fe16	13	91	63	42	13	12	23	0	15	15	32	56	60	33	32	15	0	80	37	8	0	0	0	0	41	26	14	51	76	27	82	6	0	3	0	0	0	19	13	8	11	15	10	0	0	0	0	11	13	0	12	16	18	35	15	15	22	0	34	0	26	53	0	25	46	57	48	43	28	0	0	60	33	22	24	42	23	0	14	39	43	0	0	undef_Eukaryota	1	undef_undef_Eukaryota	phylum	1	Dictyochophyceae	class	1	Florenciellales	order	1	undef_Florenciellales	family	1	Pseudochattonella	genus	1	Pseudochattonella_farcimen	species	1
ca56ad5bccd93c3f9a92c082852f6b7f	0	0	0	0	0	0	16	10	15	0	0	39	0	0	11	0	23	0	0	0	6	16	0	0	60	0	0	52	16	0	74	0	0	0	0	0	9	0	0	0	0	0	0	0	8	10	0	0	0	22	0	0	0	0	0	0	0	21	31	0	14	0	13	0	24	26	0	0	19	7	70	0	0	0	0	22	0	0	0	0	22	0	0	undef_Eukaryota	1	undef_undef_Eukaryota	phylum	1	Dictyochophyceae	class	1	Florenciellales	order	1	undef_Florenciellales	family	1	Pseudochattonella	genus	1	Pseudochattonella_farcimen	species	1
dc9293e9fe0f221bf98fe6ce59b4b426	5	0	5	7	17	13	38	12	42	18	25	29	11	22	31	12	40	16	12	10	10	0	43	0	19	6	4	62	46	38	28	15	0	0	0	0	0	0	0	0	10	0	0	0	8	23	0	0	10	15	14	3	0	16	20	0	15	3	14	6	12	16	4	0	22	3	28	57	43	13	119	32	37	13	0	33	13	14	40	37	27	0	0	undef_Eukaryota	1	undef_undef_Eukaryota	phylum	1	Dinophyceae	class	1	Gonyaulacales	order	0.92	Ceratiaceae	family	0.8	Tripos	genus	0.8	Tripos_symmetricus	species	0.59
fc5346a1f4da3e184fefa5f5eaf2ddaa	0	0	0	0	0	0	0	0	0	0	0	0	0	11	9	0	0	0	0	0	0	0	0	0	0	0	0	0	0	0	0	0	0	0	0	0	13	0	11	0	14	22	16	0	0	0	7	0	14	14	10	0	0	0	0	0	12	4	0	0	0	0	0	0	0	0	0	0	0	0	32	0	0	0	0	13	0	0	15	0	0	0	0	undef_Eukaryota	1	undef_undef_Eukaryota	phylum	1	Dinophyceae	class	1	Suessiales	order	1	Suessiaceae	family	1	Yihiella	genus	0.81	Yihiella_yeosuensis	species	0.81
c2e0a53934bfd383b83c9e30f7280035	0	0	0	0	0	0	0	7	0	0	0	0	0	0	0	0	0	0	0	0	0	0	0	0	0	0	0	8	0	0	0	0	0	0	0	0	0	0	0	0	0	0	0	0	0	0	0	10	0	0	16	0	0	0	10	9	0	0	6	0	0	0	0	0	0	0	0	0	0	0	20	0	0	0	0	0	0	0	0	5	0	0	0	undef_Eukaryota	1	undef_undef_Eukaryota	phylum	1	Dinophyceae	class	1	Suessiales	order	0.83	Suessiaceae	family	0.83	Protodinium	genus	0.83	Protodinium_simplex	species	0.83
141f2c37184d50b2cfcfb7d8f3a0aaed	0	0	0	0	0	0	0	0	0	0	0	0	0	0	0	0	0	0	0	0	0	0	0	0	0	0	0	0	0	0	0	0	0	0	0	0	0	0	0	0	0	0	0	0	0	0	0	0	0	0	0	0	0	0	0	0	0	42	0	0	0	0	0	0	13	0	0	0	0	0	0	0	0	0	0	30	0	0	0	0	0	0	0	undef_Eukaryota	1	undef_undef_Eukaryota	phylum	1	Dinophyceae	class	1	Prorocentrales	order	0.86	Prorocentraceae	family	0.86	Prorocentrum	genus	0.86	Prorocentrum_micans	species	0.47
ae6868bc71087955532ff869f0486ea3	0	24	0	0	0	0	0	0	0	0	0	40	13	11	0	0	0	0	0	0	0	0	0	0	17	0	25	0	0	0	61	0	0	0	0	0	0	0	0	0	0	0	0	0	0	0	0	0	0	0	0	0	0	0	0	0	0	0	0	0	0	0	0	23	0	0	20	0	0	0	0	0	0	0	0	0	0	11	0	0	18	0	0	undef_Eukaryota	1	undef_undef_Eukaryota	phylum	1	Dinophyceae	class	1	Prorocentrales	order	0.87	Prorocentraceae	family	0.87	Prorocentrum	genus	0.87	Prorocentrum_minimum	species	0.86
4dd5482f77ee06ca1e03d708e3dd538e	46	54	24	38	0	0	17	26	42	0	0	71	35	50	43	0	74	23	80	0	0	0	0	0	64	23	28	125	0	0	133	0	0	0	0	0	0	27	0	40	48	0	0	51	63	56	11	42	51	81	78	56	30	97	81	88	79	55	50	38	39	24	52	46	0	96	39	87	26	27	52	183	107	55	0	52	0	0	34	49	65	0	0	undef_Eukaryota	1	undef_undef_Eukaryota	phylum	1	Dinophyceae	class	1	Prorocentrales	order	0.88	Prorocentraceae	family	0.88	Prorocentrum	genus	0.88	Prorocentrum_micans	species	0.67
c578abc3db3b1ae052929a206acf0cc6	0	0	0	0	0	0	0	0	0	0	0	0	0	0	0	0	0	0	0	0	0	0	0	0	0	0	0	0	0	0	0	0	0	21	6	0	0	0	34	0	0	0	32	0	0	0	0	14	0	0	0	0	0	0	0	0	0	0	0	0	0	0	0	0	0	0	0	0	0	0	0	0	0	0	0	0	0	0	0	0	0	0	0	undef_Eukaryota	1	undef_undef_Eukaryota	phylum	1	Dinophyceae	class	1	Prorocentrales	order	0.9	Prorocentraceae	family	0.9	Prorocentrum	genus	0.9	Prorocentrum_micans	species	0.74
7081b9d329c9068bd2d89debf9559e47	0	51	59	0	0	0	0	0	9	0	10	15	0	7	6	0	0	21	0	0	5	0	0	0	12	0	8	12	21	6	18	0	292	561	431	636	478	606	791	408	661	970	1192	480	206	295	235	894	1166	451	667	450	44	151	265	199	146	70	58	36	35	39	26	0	0	9	18	7	0	6	0	19	3	10	0	31	0	0	0	0	0	0	0	undef_Eukaryota	0.99	undef_undef_Eukaryota	phylum	0.95	Dinophyceae	class	0.95	Peridiniales	order	0.94	Heterocapsaceae	family	0.94	Heterocapsa	genus	0.94	Heterocapsa_rotundata	species	0.67
625300d309b785527b3a43f4b505c198	0	55	0	50	28	37	26	0	27	0	54	0	53	0	18	0	0	0	0	0	0	0	38	0	32	0	0	0	42	14	128	8	0	0	0	0	0	0	0	0	19	0	0	0	0	0	0	0	0	0	0	0	0	0	19	0	0	0	0	0	0	30	0	0	25	171	81	87	33	0	71	34	116	23	25	0	0	0	0	21	0	0	0	undef_Eukaryota	1	undef_undef_Eukaryota	phylum	1	Dinophyceae	class	1	Prorocentrales	order	0.94	Prorocentraceae	family	0.94	Prorocentrum	genus	0.94	Prorocentrum_minimum	species	0.93
3718730c46c58c78635b9b64f0d84339	0	0	0	0	0	0	0	0	0	0	0	0	0	0	0	0	0	0	0	0	0	4	0	0	7	0	0	0	0	0	14	0	0	0	0	0	0	0	0	0	0	0	0	0	7	0	0	14	0	0	0	0	0	0	0	0	0	0	0	0	0	0	0	0	0	12	0	0	0	0	0	0	16	0	0	0	0	0	0	0	0	0	0	undef_Eukaryota	1	undef_undef_Eukaryota	phylum	1	Dinophyceae	class	1	Suessiales	order	1	Suessiaceae	family	0.95	Ansanella	genus	0.95	Ansanella_granifera	species	0.95
8e5c5be5ff4d5236b95a43779ad58612	0	23	61	25	10	0	0	0	0	0	0	48	18	0	25	0	12	40	32	0	0	0	22	0	15	11	0	0	8	0	40	0	0	0	0	0	0	0	0	0	0	0	0	0	0	0	0	0	0	0	29	0	0	0	13	30	0	28	24	28	0	0	0	0	0	37	0	23	26	0	78	0	0	0	0	0	0	0	0	13	0	0	0	undef_Eukaryota	1	undef_undef_Eukaryota	phylum	1	Dinophyceae	class	1	Gonyaulacales	order	0.98	Protoceratiaceae	family	0.97	Protoceratium	genus	0.97	Protoceratium_reticulatum	species	0.97
4b54f0e03702ad479db36eb4dca1357f	22	37	24	15	0	0	13	0	12	0	13	33	9	6	12	0	0	49	28	0	0	0	6	0	30	12	0	29	7	25	15	8	0	0	0	0	10	22	15	15	26	0	19	0	0	8	0	0	15	0	0	0	14	6	8	18	0	0	17	0	20	11	17	11	0	8	0	11	17	0	38	0	14	0	0	0	0	4	0	8	27	0	0	undef_Eukaryota	1	undef_undef_Eukaryota	phylum	1	Dinophyceae	class	1	Suessiales	order	1	Biecheleriaceae	family	0.98	Biecheleria	genus	0.98	Biecheleria_cincta	species	0.98
9e25486ce7f0accfd749a4ee4e0ae36a	27	0	0	0	0	22	30	26	0	0	0	0	0	0	0	0	0	0	0	0	0	0	0	0	0	0	0	0	0	0	60	0	0	0	0	0	0	0	0	12	0	0	0	0	0	0	9	0	0	52	0	0	0	0	0	0	0	0	0	0	0	23	19	33	0	0	36	0	0	16	0	53	24	0	0	0	0	0	0	0	36	0	0	undef_Eukaryota	1	undef_undef_Eukaryota	phylum	1	Dinophyceae	class	1	Gonyaulacales	order	0.99	Protoceratiaceae	family	0.98	Protoceratium	genus	0.98	Protoceratium_reticulatum	species	0.98
f73b902104abaf081f9dff0fcbbb270d	0	0	0	0	0	0	0	0	0	0	0	0	0	0	0	0	0	0	0	0	0	0	0	0	0	0	0	0	0	0	0	0	0	0	0	0	0	0	0	0	0	0	0	0	0	0	0	0	0	0	0	0	0	0	44	0	0	0	0	0	0	0	0	0	9	0	0	0	0	0	0	0	0	0	0	15	0	0	0	0	0	0	0	undef_Eukaryota	1	undef_undef_Eukaryota	phylum	1	Dinophyceae	class	1	Dinophysiales	order	1	Dinophysiaceae	family	1	Dinophysis	genus	1	Dinophysis_acuta	species	0.62
e146cc420546bce7fb728775c55b4146	0	11	0	19	0	0	16	0	12	0	0	0	0	0	0	0	0	32	5	0	0	0	0	0	0	0	0	0	0	0	21	0	0	9	0	7	0	0	16	11	19	13	0	0	17	0	0	17	29	11	11	0	0	19	8	0	19	0	8	5	0	0	17	0	21	0	20	0	0	0	0	17	0	0	0	26	12	0	0	10	6	0	0	undef_Eukaryota	1	undef_undef_Eukaryota	phylum	1	Dinophyceae	class	1	Dinophysiales	order	1	Dinophysiaceae	family	1	Dinophysis	genus	1	Dinophysis_acuminata	species	0.93
c63019771be9bbeb61b33454e1429234	0	0	0	0	0	0	0	0	0	0	0	0	10	0	0	0	0	0	0	0	0	0	0	0	0	0	0	0	0	0	0	0	0	0	0	0	0	0	0	0	0	0	0	0	0	19	0	27	0	0	0	0	0	0	0	0	0	0	0	0	0	0	0	0	0	0	0	16	6	0	0	0	20	0	0	0	0	0	7	0	0	0	0	undef_Eukaryota	1	undef_undef_Eukaryota	phylum	1	Dinophyceae	class	1	Dinophysiales	order	1	Dinophysiaceae	family	1	Dinophysis	genus	1	Dinophysis_acuminata	species	0.95
49d0242e48c7d06ab31a65e7dfedce30	4503	15106	12652	4613	1578	1350	5376	2614	3530	2902	3946	7852	6676	7607	4110	2390	2088	6332	4856	1160	920	915	1219	0	10992	2270	3413	7029	5512	3143	11050	1026	73	171	145	314	1243	904	1419	1408	2080	888	1237	2157	886	1374	474	794	1463	1646	1974	1139	685	3167	2833	1876	1459	2625	1763	1177	2244	2832	1911	2527	1570	4735	3794	3161	4149	2572	6754	4646	5617	2883	798	4584	428	438	1758	3994	5345	0	0	undef_Eukaryota	1	undef_undef_Eukaryota	phylum	1	Dinophyceae	class	1	Peridiniales	order	1	Heterocapsaceae	family	1	Heterocapsa	genus	1	Heterocapsa_rotundata	species	1
d46b22d7d2b74e933a6a0053571b6a1f	565	1999	1799	635	211	249	666	391	559	520	642	1184	642	988	541	317	388	918	579	253	160	161	259	0	1475	336	560	920	776	496	1438	168	86	110	109	225	376	366	594	477	674	288	298	1085	289	344	178	268	414	475	432	270	147	507	474	426	352	416	335	253	319	517	316	347	406	934	531	491	614	363	983	521	885	446	196	630	81	123	250	742	737	0	0	undef_Eukaryota	1	undef_undef_Eukaryota	phylum	1	Dinophyceae	class	1	Peridiniales	order	1	Heterocapsaceae	family	1	Heterocapsa	genus	1	Heterocapsa_rotundata	species	1
31f75acae8e04b999d40ab2454f641ec	132	452	313	186	0	61	115	86	113	0	146	147	139	202	100	65	98	229	98	57	0	64	0	0	300	0	76	364	162	97	331	58	0	0	0	57	82	77	117	101	136	75	60	414	64	65	0	109	102	67	110	0	0	100	86	96	0	69	89	0	66	60	57	73	0	136	120	124	121	62	333	124	157	132	0	125	0	0	62	133	118	0	0	undef_Eukaryota	1	undef_undef_Eukaryota	phylum	1	Dinophyceae	class	1	Peridiniales	order	1	Heterocapsaceae	family	1	Heterocapsa	genus	1	Heterocapsa_rotundata	species	1
3131c08637b8c3c1f1bc0788962cee38	102	328	316	0	0	0	90	0	81	0	94	171	135	160	60	86	0	166	0	0	0	0	0	0	325	70	70	123	131	72	290	0	0	0	0	0	53	66	75	112	121	66	60	0	0	81	0	0	43	76	97	0	0	122	108	55	0	83	0	0	50	64	0	0	0	104	82	101	146	0	144	129	165	77	0	144	0	0	0	127	147	0	0	undef_Eukaryota	1	undef_undef_Eukaryota	phylum	1	Dinophyceae	class	1	Peridiniales	order	1	Heterocapsaceae	family	1	Heterocapsa	genus	1	Heterocapsa_rotundata	species	1
f61baa0da8b3b2c4571c0099aea1849d	15	53	26	46	9	21	31	0	36	29	0	65	64	65	33	19	10	37	0	18	8	0	12	0	48	23	85	18	68	51	120	0	0	0	0	0	4	0	10	18	0	0	13	0	0	0	0	12	0	25	0	11	0	32	19	0	43	9	11	18	13	29	0	0	15	51	37	29	22	29	69	44	47	18	9	39	0	0	21	56	0	0	0	undef_Eukaryota	1	undef_undef_Eukaryota	phylum	1	Dinophyceae	class	1	Peridiniales	order	1	Heterocapsaceae	family	1	Heterocapsa	genus	1	Heterocapsa_rotundata	species	1
33ff28bb0c26ca9eccc7628cc024a1a7	0	35	45	28	0	0	16	0	0	0	0	0	13	28	27	20	0	68	32	0	0	0	0	0	51	0	28	25	38	44	162	0	0	0	0	0	0	0	28	0	40	0	0	0	0	28	0	0	0	0	0	0	14	0	0	12	0	41	0	0	0	20	0	0	0	0	0	0	59	12	28	0	25	0	0	19	0	0	0	44	27	0	0	undef_Eukaryota	1	undef_undef_Eukaryota	phylum	1	Dinophyceae	class	1	Peridiniales	order	1	Heterocapsaceae	family	1	Heterocapsa	genus	1	Heterocapsa_rotundata	species	1
b926fafe1bc5410192eea4204b0fba36	33	31	33	0	0	0	0	1	0	0	0	31	0	34	0	0	18	0	0	0	0	0	0	0	10	0	0	14	10	0	12	0	0	0	0	0	14	0	0	0	7	0	0	0	0	0	0	0	23	0	3	14	11	30	21	0	0	0	29	0	19	5	0	0	0	23	36	6	35	0	15	0	0	0	0	20	0	0	0	0	7	0	0	undef_Eukaryota	1	undef_undef_Eukaryota	phylum	1	Dinophyceae	class	1	Peridiniales	order	1	Heterocapsaceae	family	1	Heterocapsa	genus	1	Heterocapsa_rotundata	species	1
023bf6501bac965c62803a5e54db8c9c	0	0	0	0	4	0	0	16	0	0	30	0	0	0	0	0	0	0	27	0	0	17	0	0	0	0	0	0	0	0	91	5	5	0	0	0	4	22	0	0	19	0	0	67	0	7	0	0	19	0	20	0	0	0	0	30	0	0	0	0	0	0	0	18	0	0	0	0	0	0	38	0	0	0	12	35	0	0	0	0	48	0	0	undef_Eukaryota	1	undef_undef_Eukaryota	phylum	1	Dinophyceae	class	1	Peridiniales	order	1	Heterocapsaceae	family	1	Heterocapsa	genus	1	Heterocapsa_rotundata	species	1
31c5a4ca952c62697887e37b265896de	0	132	71	0	0	0	0	35	0	0	0	0	0	0	0	0	0	0	30	0	0	0	0	0	45	0	25	0	0	0	0	0	0	0	0	0	0	0	0	0	29	0	0	0	0	0	0	0	0	0	21	0	0	0	0	0	0	0	0	0	0	0	0	0	0	0	0	14	0	0	0	0	0	0	0	0	0	0	0	0	0	0	0	undef_Eukaryota	1	undef_undef_Eukaryota	phylum	1	Dinophyceae	class	1	Peridiniales	order	1	Heterocapsaceae	family	1	Heterocapsa	genus	1	Heterocapsa_rotundata	species	1
5d6108e59d58d8bcab51222a36e9e6c4	0	0	0	0	0	0	0	0	0	0	0	0	0	0	0	0	0	0	0	0	0	0	0	0	0	0	0	0	0	0	0	0	0	14	0	50	0	0	0	0	51	23	63	0	0	31	0	73	0	0	50	0	0	0	25	0	0	0	0	0	0	0	0	0	0	0	0	0	0	0	0	0	0	0	0	0	0	0	0	0	0	0	0	undef_Eukaryota	1	undef_undef_Eukaryota	phylum	1	Dinophyceae	class	1	Peridiniales	order	1	Heterocapsaceae	family	1	Heterocapsa	genus	1	Heterocapsa_rotundata	species	1
432cc3fd51515113b1a8c190a3202f76	4	12	6	5	0	0	0	0	0	2	7	0	0	3	0	0	0	0	5	0	0	0	0	0	2	0	0	0	0	0	17	0	0	0	0	0	0	0	6	0	23	0	4	0	8	0	0	0	11	0	4	0	0	0	7	10	0	0	0	0	4	8	0	0	0	9	0	6	0	5	0	0	11	7	0	21	0	0	4	0	5	0	0	undef_Eukaryota	1	undef_undef_Eukaryota	phylum	1	Dinophyceae	class	1	Peridiniales	order	1	Heterocapsaceae	family	1	Heterocapsa	genus	1	Heterocapsa_triquetra	species	1
965ca9c4da8c9d65d37d62a1ce669f4a	10	0	3	0	8	0	1	0	12	0	7	7	2	2	0	0	0	4	0	0	0	0	3	0	3	0	0	0	0	0	11	0	0	8	0	0	1	0	0	7	0	0	11	0	0	0	0	0	0	0	0	0	0	7	4	0	5	0	10	1	3	1	14	8	14	0	0	0	4	0	3	8	0	7	0	0	0	0	8	0	2	0	0	undef_Eukaryota	1	undef_undef_Eukaryota	phylum	1	Dinophyceae	class	1	Peridiniales	order	1	Heterocapsaceae	family	1	Heterocapsa	genus	1	Heterocapsa_rotundata	species	1
045981cd4ced3c35fce268bc83f7bb6c	0	0	0	0	0	0	0	0	0	0	0	0	0	0	0	0	0	0	0	0	0	0	0	0	0	0	0	0	0	0	0	0	0	0	25	1	4	12	4	19	1	0	1	0	0	0	0	0	10	16	0	5	0	0	0	0	0	0	0	0	0	0	0	0	0	0	0	0	0	0	0	0	0	0	0	0	0	0	19	0	0	0	0	undef_Eukaryota	1	undef_undef_Eukaryota	phylum	1	Dinophyceae	class	1	Peridiniales	order	1	Heterocapsaceae	family	1	Heterocapsa	genus	1	Heterocapsa_rotundata	species	1
a748cda7d40ee2710c15e70205498e8e	0	0	0	0	0	0	0	0	0	0	0	0	0	20	0	0	0	0	0	0	0	0	0	0	0	0	0	32	0	0	0	0	0	0	0	0	0	0	0	0	0	0	0	0	0	0	0	0	0	0	0	0	0	0	0	0	0	0	0	0	0	0	0	0	0	0	0	0	0	0	0	0	0	30	0	0	0	0	0	0	0	0	0	undef_Eukaryota	1	undef_undef_Eukaryota	phylum	1	Dinophyceae	class	1	Gonyaulacales	order	1	Protoceratiaceae	family	1	Protoceratium	genus	1	Protoceratium_reticulatum	species	1
0bf29ad100ae821b6f189f0d8b208c78	0	0	0	0	0	0	0	0	0	0	0	0	0	0	0	0	0	0	0	0	0	0	0	0	0	0	0	0	3	0	12	0	0	0	0	0	0	0	0	0	0	0	0	0	0	0	0	0	0	0	0	0	2	0	0	0	0	0	0	0	0	23	0	0	0	0	0	0	4	0	0	0	0	0	0	0	0	0	0	0	23	0	0	undef_Eukaryota	1	undef_undef_Eukaryota	phylum	1	Dinophyceae	class	1	Peridiniales	order	1	Heterocapsaceae	family	1	Heterocapsa	genus	1	Heterocapsa_rotundata	species	1
f6814dd018663f4c8b2dc4f351333187	0	0	0	0	0	0	0	0	0	0	0	0	0	0	0	0	0	0	0	0	0	0	0	0	0	0	0	0	0	0	0	0	0	0	0	0	0	0	0	0	11	8	4	0	0	0	3	0	10	19	19	0	0	0	0	0	0	0	0	0	0	0	0	0	0	0	0	0	0	0	0	0	0	0	0	0	0	0	0	0	0	0	0	undef_Eukaryota	1	undef_undef_Eukaryota	phylum	1	Eustigmatophyceae	class	0.99	Eustigmatales	order	0.99	Monodopsidaceae	family	0.99	Nannochloropsis	genus	0.99	Nannochloropsis_oculata	species	0.99
e46947a26c86d96d59787452d25287f0	0	0	8	0	0	0	0	0	0	0	0	0	10	17	0	13	14	4	0	28	0	0	0	0	0	99	0	0	0	0	0	0	0	0	2	0	0	4	0	0	9	11	10	0	0	0	0	28	22	0	39	11	0	0	15	9	0	10	11	16	0	0	6	5	4	15	0	0	0	0	11	22	12	0	0	0	0	0	2	0	5	0	0	undef_Eukaryota	1	undef_undef_Eukaryota	phylum	1	Phaeophyceae	class	1	Fucales	order	1	Fucaceae	family	1	Fucus	genus	1	Fucus_spiralis	species	0.99
c232d34c342cba2d748549d2e0d7c6c2	0	9	0	0	0	0	0	0	0	0	0	0	0	0	2	0	0	0	0	0	0	26	16	0	12	0	0	0	0	0	0	0	0	0	0	0	5	0	5	13	16	11	20	0	2	4	4	48	47	0	53	8	0	18	38	29	22	0	4	7	0	0	0	6	0	14	0	0	0	0	0	31	15	7	8	0	0	0	0	0	0	0	0	undef_Eukaryota	1	undef_undef_Eukaryota	phylum	1	Phaeophyceae	class	1	Fucales	order	1	Fucaceae	family	1	Ascophyllum	genus	1	Ascophyllum_nodosum	species	1
40010098ef5a221c05bb79b2bece9b9f	0	6	0	0	0	0	6	7	0	0	4	0	0	16	0	0	0	28	5	3	0	0	0	0	8	0	0	0	0	0	0	5	0	0	0	0	0	0	0	0	0	0	0	0	0	4	0	20	0	0	0	0	0	0	0	0	9	0	0	5	0	0	0	0	0	0	0	0	0	0	0	5	0	0	0	0	0	0	0	0	0	0	0	undef_Eukaryota	1	undef_undef_Eukaryota	phylum	1	Phaeophyceae	class	1	Ectocarpales	order	1	Acinetosporaceae	family	1	Pylaiella	genus	1	Pylaiella_washingtoniensis	species	1
d2f21ea1c156623342726738270a3009	0	0	0	0	0	0	0	0	0	0	0	0	0	0	0	0	0	0	0	0	0	0	0	0	8	0	0	0	0	0	0	0	0	0	0	0	0	0	0	0	0	0	0	0	0	0	5	0	0	0	2	0	0	5	0	0	5	66	0	0	0	0	0	0	0	0	0	0	0	19	0	0	0	0	0	0	0	0	0	0	0	0	0	undef_Eukaryota	1	undef_undef_Eukaryota	phylum	1	Phaeophyceae	class	1	Ectocarpales	order	1	Acinetosporaceae	family	1	Pylaiella	genus	1	Pylaiella_littoralis	species	1
f7999a4a54ec5d17c3d9107267ef6686	0	0	0	0	0	0	0	0	0	6	13	16	0	7	0	0	0	12	0	0	0	0	14	0	0	0	0	0	0	0	0	0	0	0	0	0	0	0	0	0	0	0	0	0	0	0	0	0	0	0	0	0	0	0	0	0	0	0	0	0	0	0	0	0	0	16	0	0	0	3	0	4	13	0	0	0	0	0	0	0	0	0	0	undef_Eukaryota	1	undef_undef_Eukaryota	phylum	1	Phaeophyceae	class	1	Laminariales	order	1	Laminariaceae	family	1	Laminaria	genus	1	Laminaria_digitata	species	1
b361c0a30375a3ea39daa38943b38d80	0	0	0	0	0	0	0	0	0	0	9	0	5	2	0	0	0	6	0	0	5	0	9	0	3	0	0	0	0	0	3	0	0	0	0	0	0	0	0	0	0	0	0	0	0	0	0	0	0	0	0	0	0	0	0	0	0	0	0	0	0	0	0	0	0	3	4	0	0	0	0	0	5	0	0	0	0	0	0	0	0	0	0	undef_Eukaryota	1	undef_undef_Eukaryota	phylum	1	Phaeophyceae	class	1	Desmarestiales	order	1	Desmarestiaceae	family	1	Desmarestia	genus	1	Desmarestia_aculeata	species	1
6628944a606cc9253d93af569187c6f9	0	0	0	0	0	0	0	0	0	0	0	0	0	0	0	18	0	0	0	0	0	0	0	0	0	0	0	0	0	0	15	0	0	0	0	4	0	0	3	0	0	0	0	0	0	0	0	5	0	8	0	0	0	0	0	0	0	0	0	0	0	0	0	0	0	0	0	0	0	0	0	0	0	0	0	0	0	0	0	0	0	0	0	undef_Eukaryota	1	undef_undef_Eukaryota	phylum	1	Phaeophyceae	class	1	Ectocarpales	order	1	Chordariaceae	family	1	Myrionema_brown_algae	genus	1	Myrionema_strangulans	species	1
