samplingStation,MPA,eventDate,eventTime,sampleDepth,targetDepth,Replicate,controlType,CastID,SampleID,SmithRootID,decimalLatitude,decimalLongitude,waterTemp,volumeFiltered,preservative,eDNA_Tube,totalDNAconc,unitsDNAconc,recordedBy,tide,Notes,depthWaterTemp
SAB_16,St. Anns Bank,8/8/2024,11:26:00,85,Bottom,1,,885A001,885001,NA,46.04525,-59.092493,,4,self-preserving,SAB24_EDNA_001,1.36,ng/ul,"Nick Jeffery, Katie Thistle, Ryan Stanley, Harri Pettitt-Wade",,Pump is inoperable. Pump doesnít seem to want to pull water through. Sample 885001 was handled while sampling. Opted to use a gravity feed for filtering on the samples. Sample volume is the total volume of the bottle ñ any residual. Bottle one had less volume as it was expended when trying to figure out what was wrong,
SAB_16,St. Anns Bank,8/8/2024,11:26:00,85,Bottom,2,,885A001,885002,NA,46.04525,-59.092493,,4,self-preserving,SAB24_EDNA_002,5.93,ng/ul,"Nick Jeffery, Katie Thistle, Ryan Stanley, Harri Pettitt-Wade",,Fixed the pump about 45 min post sample,
SAB_16,St. Anns Bank,8/8/2024,11:26:00,85,Bottom,3,,885A001,885003,NA,46.04525,-59.092493,,4,self-preserving,SAB24_EDNA_003,3.59,ng/ul,"Nick Jeffery, Katie Thistle, Ryan Stanley, Harri Pettitt-Wade",,CTD data didnít have the station name,
SAB_21,St. Anns Bank,8/8/2024,14:08:00,96.8,Bottom,1,,885A002,885004,NA,45.989288,-58.889794,,3.1,self-preserving,SAB24_EDNA_004,2.41,ng/ul,"Nick Jeffery, Katie Thistle, Ryan Stanley, Harri Pettitt-Wade",,This is an extra sample in the middle of the crinoid field. Sample location was middle of the transect,
SAB_21,St. Anns Bank,8/8/2024,14:08:00,96.8,Bottom,2,,885A002,885005,NA,45.989288,-58.889794,,3.59,self-preserving,SAB24_EDNA_005,3.33,ng/ul,"Nick Jeffery, Katie Thistle, Ryan Stanley, Harri Pettitt-Wade",,,
SAB_21,St. Anns Bank,8/8/2024,14:08:00,96.8,Bottom,3,,885A002,885006,NA,45.989288,-58.889794,,3.51,self-preserving,SAB24_EDNA_006,5.32,ng/ul,"Nick Jeffery, Katie Thistle, Ryan Stanley, Harri Pettitt-Wade",,,
SAB_20,St. Anns Bank,8/8/2024,17:10:00,135,Bottom,1,,885A003,885007,NA,46.036714,-58.974353,,3.19,self-preserving,SAB24_EDNA_007,4.48,ng/ul,"Nick Jeffery, Katie Thistle, Ryan Stanley, Harri Pettitt-Wade",,,
SAB_20,St. Anns Bank,8/8/2024,17:10:00,135,Bottom,2,,885A003,885008,NA,46.036714,-58.974353,,3.2,self-preserving,SAB24_EDNA_008,8.84,ng/ul,"Nick Jeffery, Katie Thistle, Ryan Stanley, Harri Pettitt-Wade",,,
SAB_20,St. Anns Bank,8/8/2024,17:10:00,135,Bottom,3,,885A003,885009,NA,46.036714,-58.974353,,3.23,self-preserving,SAB24_EDNA_009,5.65,ng/ul,"Nick Jeffery, Katie Thistle, Ryan Stanley, Harri Pettitt-Wade",,,
BLANK,St. Anns Bank,8/8/2024,18:16:00,NA,NA,BLANK,field blank,NA,885010,NA,NA,NA,,2.96,self-preserving,SAB24_EDNA_010,0.28,ng/ul,"Nick Jeffery, Katie Thistle, Ryan Stanley, Harri Pettitt-Wade",,,
SAB_02,St. Anns Bank,8/9/2024,8:22:00,52.6,Bottom,1,,885A004,885011,NA,45.949129,59.757991,,3.13,self-preserving,SAB24_EDNA_011,10.7,ng/ul,"Nick Jeffery, Katie Thistle, Ryan Stanley, Harri Pettitt-Wade",,,
SAB_02,St. Anns Bank,8/9/2024,8:22:00,52.6,Bottom,2,,885A004,885012,NA,45.949129,59.757991,,3.14,self-preserving,SAB24_EDNA_012,10.6,ng/ul,"Nick Jeffery, Katie Thistle, Ryan Stanley, Harri Pettitt-Wade",,,
SAB_02,St. Anns Bank,8/9/2024,8:22:00,52.6,Bottom,3,,885A004,885013,NA,45.949129,59.757991,,3.17,self-preserving,SAB24_EDNA_013,8.58,ng/ul,"Nick Jeffery, Katie Thistle, Ryan Stanley, Harri Pettitt-Wade",,,
SAB_03,St. Anns Bank,8/9/2024,9:26:00,54.8,Bottom,1,,885A005,885014,NA,46.061806,-59.567018,,3.07,self-preserving,SAB24_EDNA_014,9.18,ng/ul,"Nick Jeffery, Katie Thistle, Ryan Stanley, Harri Pettitt-Wade",,Station may have been mislabelled in the CTD/AFM headers,
SAB_03,St. Anns Bank,8/9/2024,9:26:00,54.8,Bottom,2,,885A005,885015,NA,46.061806,-59.567018,,3.14,self-preserving,SAB24_EDNA_015,5.88,ng/ul,"Nick Jeffery, Katie Thistle, Ryan Stanley, Harri Pettitt-Wade",,,
SAB_03,St. Anns Bank,8/9/2024,9:26:00,54.8,Bottom,3,,885A005,885016,NA,46.061806,-59.567018,,3.11,self-preserving,SAB24_EDNA_016,9.5,ng/ul,"Nick Jeffery, Katie Thistle, Ryan Stanley, Harri Pettitt-Wade",,,
SAB_07,St. Anns Bank,8/9/2024,10:15:00,66.7,Bottom,1,,885A006,885017,NA,46.056315,-59.412117,,3.09,self-preserving,SAB24_EDNA_017,5.67,ng/ul,"Nick Jeffery, Katie Thistle, Ryan Stanley, Harri Pettitt-Wade",,"Filter fell on Katies pants, watch for contamination",
SAB_07,St. Anns Bank,8/9/2024,10:15:00,66.7,Bottom,2,,885A006,885018,NA,46.056315,-59.412117,,3.24,self-preserving,SAB24_EDNA_018,4.74,ng/ul,"Nick Jeffery, Katie Thistle, Ryan Stanley, Harri Pettitt-Wade",,Katie perfected folding technique ñ samples will be amazing from here on out!,
SAB_07,St. Anns Bank,8/9/2024,10:15:00,66.7,Bottom,3,,885A006,885019,NA,46.056315,-59.412117,,3.1,self-preserving,SAB24_EDNA_019,5.89,ng/ul,"Nick Jeffery, Katie Thistle, Ryan Stanley, Harri Pettitt-Wade",,,
SAB_08,St. Anns Bank,8/9/2024,12:31:00,62.4,Bottom,1,,885A007,885020,NA,46.144731,-59.403695,,3.09,self-preserving,SAB24_EDNA_020,6.19,ng/ul,"Nick Jeffery, Katie Thistle, Ryan Stanley, Harri Pettitt-Wade",,,
SAB_08,St. Anns Bank,8/9/2024,12:31:00,62.4,Bottom,2,,885A007,885021,NA,46.144731,-59.403695,,3.16,self-preserving,SAB24_EDNA_021,6.41,ng/ul,"Nick Jeffery, Katie Thistle, Ryan Stanley, Harri Pettitt-Wade",,Katie lied and hates folding the filters again,
SAB_08,St. Anns Bank,8/9/2024,12:31:00,62.4,Bottom,3,,885A007,885022,NA,46.144731,-59.403695,,3.09,self-preserving,SAB24_EDNA_022,6.49,ng/ul,"Nick Jeffery, Katie Thistle, Ryan Stanley, Harri Pettitt-Wade",,Katie is happy again for some reason,
SAB_04,St. Anns Bank,8/9/2024,15:40:00,36.5,Bottom,1,,885A008,885023,NA,46.142204,-59.567166,,3.11,self-preserving,SAB24_EDNA_023,8.05,ng/ul,"Nick Jeffery, Katie Thistle, Ryan Stanley, Harri Pettitt-Wade",,Nick agrees Katies folding method is superior to his,
SAB_04,St. Anns Bank,8/9/2024,15:40:00,36.5,Bottom,2,,885A008,885024,NA,46.142204,-59.567166,,3.16,self-preserving,SAB24_EDNA_024,9.94,ng/ul,"Nick Jeffery, Katie Thistle, Ryan Stanley, Harri Pettitt-Wade",,,
SAB_04,St. Anns Bank,8/9/2024,15:40:00,36.5,Bottom,3,,885A008,885025,NA,46.142204,-59.567166,,3.15,self-preserving,SAB24_EDNA_025,7.36,ng/ul,"Nick Jeffery, Katie Thistle, Ryan Stanley, Harri Pettitt-Wade",,,
BLANK,St. Anns Bank,8/9/2024,,NA,NA,BLANK,field blank,NA,885026,NA,NA,NA,,3.01,self-preserving,SAB24_EDNA_026,2.12,ng/ul,"Nick Jeffery, Katie Thistle, Ryan Stanley, Harri Pettitt-Wade",,"Filter fell on Nicks Pants, watch for contamination, lots of cats in that one",
SAB_13,St. Anns Bank,8/12/2024,,110,Bottom,1,,885A009,885027,387,46.271896,-59.238174,,3.13,self-preserving,SAB24_EDNA_027,4.1,ng/ul,"Nick Jeffery, Katie Thistle, Ryan Stanley, Harri Pettitt-Wade",,,
SAB_13,St. Anns Bank,8/12/2024,,110,Bottom,2,,885A009,885028,388,46.271896,-59.238174,,3.41,self-preserving,SAB24_EDNA_028,3.5,ng/ul,"Nick Jeffery, Katie Thistle, Ryan Stanley, Harri Pettitt-Wade",,,
SAB_13,St. Anns Bank,8/12/2024,,110,Bottom,3,,885A009,885029,AC389,46.271896,-59.238174,,3.18,self-preserving,SAB24_EDNA_029,4.51,ng/ul,"Nick Jeffery, Katie Thistle, Ryan Stanley, Harri Pettitt-Wade",,,
SAB_13,St. Anns Bank,8/12/2024,2:20:00 PM,NA,NA,BLANK,field blank,NA,885030,390,NA,NA,,2.53,self-preserving,SAB24_EDNA_030,2.42,ng/ul,"Nick Jeffery, Katie Thistle, Ryan Stanley, Harri Pettitt-Wade",,,
CURDO_8,St. Anns Bank,8/14/2024,9:10:00 AM,55,Bottom,1,,885A010,885031,391,45.87983,-59.6105,,3.1,self-preserving,SAB24_EDNA_031,11.9,ng/ul,"Nick Jeffery, Katie Thistle, Ryan Stanley, Harri Pettitt-Wade",,Curdo Bank 10 station grid array start,
CURDO_8,St. Anns Bank,8/14/2024,9:10:00 AM,55,Bottom,2,,885A010,885032,392,45.87983,-59.6105,,3.03,self-preserving,SAB24_EDNA_032,9.14,ng/ul,"Nick Jeffery, Katie Thistle, Ryan Stanley, Harri Pettitt-Wade",,,
CURDO_8,St. Anns Bank,8/14/2024,9:10:00 AM,55,Bottom,3,,885A010,885033,393,45.87983,-59.6105,,3.01,self-preserving,SAB24_EDNA_033,3.77,ng/ul,"Nick Jeffery, Katie Thistle, Ryan Stanley, Harri Pettitt-Wade",,,
CURDO_5,St. Anns Bank,8/14/2024,9:46:00 AM,55,Bottom,1,,885A011,885034,394,45.884849,-59.605424,,3.07,self-preserving,SAB24_EDNA_034,10.4,ng/ul,"Nick Jeffery, Katie Thistle, Ryan Stanley, Harri Pettitt-Wade",,,
CURDO_5,St. Anns Bank,8/14/2024,9:46:00 AM,55,Bottom,2,,885A011,885035,395,45.884849,-59.605424,,3.02,self-preserving,SAB24_EDNA_035,6.57,ng/ul,"Nick Jeffery, Katie Thistle, Ryan Stanley, Harri Pettitt-Wade",,,
CURDO_5,St. Anns Bank,8/14/2024,9:46:00 AM,55,Bottom,3,,885A011,885036,396,45.884849,-59.605424,,3.07,self-preserving,SAB24_EDNA_036,7.34,ng/ul,"Nick Jeffery, Katie Thistle, Ryan Stanley, Harri Pettitt-Wade",,,
CURDO_2,St. Anns Bank,8/14/2024,10:20:00 AM,54,Bottom,1,,885A012,885037,397,45.888316,-59.602821,,3.02,self-preserving,SAB24_EDNA_037,8,ng/ul,"Nick Jeffery, Katie Thistle, Ryan Stanley, Harri Pettitt-Wade",,,
CURDO_2,St. Anns Bank,8/14/2024,10:20:00 AM,54,Bottom,2,,885A012,885038,398,45.888316,-59.602821,,3.01,self-preserving,SAB24_EDNA_038,8.28,ng/ul,"Nick Jeffery, Katie Thistle, Ryan Stanley, Harri Pettitt-Wade",,After 3 beer another filter has fallen to Nicks cat pants,
CURDO_2,St. Anns Bank,8/14/2024,10:20:00 AM,54,Bottom,3,,885A012,885039,MCRG276,45.888316,-59.602821,,3.09,self-preserving,SAB24_EDNA_039,7.83,ng/ul,"Nick Jeffery, Katie Thistle, Ryan Stanley, Harri Pettitt-Wade",,"Its getting worse, more pants contact for Nick",
CURDO_7,St. Anns Bank,8/14/2024,11:13:00 AM,67,Bottom,1,,885A013,885040,399,45.905281,-59.608165,,3.04,self-preserving,SAB24_EDNA_040,7.89,ng/ul,"Nick Jeffery, Katie Thistle, Ryan Stanley, Harri Pettitt-Wade",,,
CURDO_7,St. Anns Bank,8/14/2024,11:13:00 AM,67,Bottom,2,,885A013,885041,400,45.905281,-59.608165,,3.03,self-preserving,SAB24_EDNA_041,8.9,ng/ul,"Nick Jeffery, Katie Thistle, Ryan Stanley, Harri Pettitt-Wade",,Katie took over and IMMEDIATE PANTS CONTACT,
CURDO_7,St. Anns Bank,8/14/2024,11:13:00 AM,67,Bottom,3,,885A013,885042,MCRG277,45.905281,-59.608165,,3.09,self-preserving,SAB24_EDNA_042,7.63,ng/ul,"Nick Jeffery, Katie Thistle, Ryan Stanley, Harri Pettitt-Wade",,,
CURDO_4,St. Anns Bank,8/14/2024,11:40:00 AM,60,Bottom,1,,885A014,885043,401,45.900935,-59.60646,,3.21,self-preserving,SAB24_EDNA_043,8.3,ng/ul,"Nick Jeffery, Katie Thistle, Ryan Stanley, Harri Pettitt-Wade",,,
CURDO_4,St. Anns Bank,8/14/2024,11:40:00 AM,60,Bottom,2,,885A014,885044,402,45.900935,-59.60646,,3.02,self-preserving,SAB24_EDNA_044,10.9,ng/ul,"Nick Jeffery, Katie Thistle, Ryan Stanley, Harri Pettitt-Wade",,,
CURDO_4,St. Anns Bank,8/14/2024,11:40:00 AM,60,Bottom,3,,885A014,885045,MCRG278,45.900935,-59.60646,,3.4,self-preserving,SAB24_EDNA_045,9.68,ng/ul,"Nick Jeffery, Katie Thistle, Ryan Stanley, Harri Pettitt-Wade",,,
CURDO_1,St. Anns Bank,8/14/2024,12:50:00 PM,34,Bottom,1,,885A015,885046,403,45.900935,-59.60646,,3.12,self-preserving,SAB24_EDNA_046,20.6,ng/ul,"Nick Jeffery, Katie Thistle, Ryan Stanley, Harri Pettitt-Wade",,,
CURDO_1,St. Anns Bank,8/14/2024,12:50:00 PM,34,Bottom,2,,885A015,885047,404,45.900935,-59.60646,,3.05,self-preserving,SAB24_EDNA_047,22.9,ng/ul,"Nick Jeffery, Katie Thistle, Ryan Stanley, Harri Pettitt-Wade",,KT PANTS GOT FILTER,
CURDO_1,St. Anns Bank,8/14/2024,12:50:00 PM,34,Bottom,3,,885A015,885048,MCRG279,45.900935,-59.60646,,3.15,self-preserving,SAB24_EDNA_048,16.2,ng/ul,"Nick Jeffery, Katie Thistle, Ryan Stanley, Harri Pettitt-Wade",,Katie is experiencing confusion on sample numbers due to Nicks lack of supervision but were on track!,
CURDO_10,St. Anns Bank,8/14/2024,1:15:00 PM,18,Bottom,1,,885A016,885049,405,45.89139,-59.601783,,3.05,self-preserving,SAB24_EDNA_049,17,ng/ul,"Nick Jeffery, Katie Thistle, Ryan Stanley, Harri Pettitt-Wade",,,
CURDO_10,St. Anns Bank,8/14/2024,1:15:00 PM,18,Bottom,2,,885A016,885050,406,45.89139,-59.601783,,3.04,self-preserving,SAB24_EDNA_050,18.2,ng/ul,"Nick Jeffery, Katie Thistle, Ryan Stanley, Harri Pettitt-Wade",,,
CURDO_10,St. Anns Bank,8/14/2024,1:15:00 PM,18,Bottom,3,,885A016,885051,MCRG280,45.89139,-59.601783,,3.19,self-preserving,SAB24_EDNA_051,20.2,ng/ul,"Nick Jeffery, Katie Thistle, Ryan Stanley, Harri Pettitt-Wade",,Filter down! Face down on paper towel,
CURDO_3,St. Anns Bank,8/14/2024,1:35:00 PM,19,Bottom,1,,885A017,885052,407,45.892496,-59.594283,,3.18,self-preserving,SAB24_EDNA_052,19.2,ng/ul,"Nick Jeffery, Katie Thistle, Ryan Stanley, Harri Pettitt-Wade",,"DRIFTING BACK TOWARDS STATION 10. Also, Katie let the filter fall twice onto the paper towel, but it was folded so who knows if it matters…",
CURDO_3,St. Anns Bank,8/14/2024,1:35:00 PM,19,Bottom,2,,885A017,885053,408,45.892496,-59.594283,,3.06,self-preserving,SAB24_EDNA_053,16,ng/ul,"Nick Jeffery, Katie Thistle, Ryan Stanley, Harri Pettitt-Wade",,"Katie is literally falling apart, and is dropping the filters frequently",
CURDO_3,St. Anns Bank,8/14/2024,1:35:00 PM,19,Bottom,3,,885A017,885054,MCRG281,45.892496,-59.594283,,3.11,self-preserving,SAB24_EDNA_054,13.1,ng/ul,"Nick Jeffery, Katie Thistle, Ryan Stanley, Harri Pettitt-Wade",,,
CURDO_6,St. Anns Bank,8/14/2024,2:00:00 PM,52,Bottom,1,,885A018,885055,409,45.892053,-59.583449,,3.08,self-preserving,SAB24_EDNA_055,17.3,ng/ul,"Nick Jeffery, Katie Thistle, Ryan Stanley, Harri Pettitt-Wade",,SAMPLED AT 39.5M,
CURDO_6,St. Anns Bank,8/14/2024,2:00:00 PM,52,Bottom,2,,885A018,885056,410,45.892053,-59.583449,,3.45,self-preserving,SAB24_EDNA_056,13.1,ng/ul,"Nick Jeffery, Katie Thistle, Ryan Stanley, Harri Pettitt-Wade",,,
CURDO_6,St. Anns Bank,8/14/2024,2:00:00 PM,52,Bottom,3,,885A018,885057,MCRG282,45.892053,-59.583449,,3.13,self-preserving,SAB24_EDNA_057,21.8,ng/ul,"Nick Jeffery, Katie Thistle, Ryan Stanley, Harri Pettitt-Wade",,,
CURDO_9,St. Anns Bank,8/14/2024,2:20:00 PM,58,Bottom,1,,885A019,885058,411,45.892634,-59.579056,,3.24,self-preserving,SAB24_EDNA_058,12.3,ng/ul,"Nick Jeffery, Katie Thistle, Ryan Stanley, Harri Pettitt-Wade",,,
CURDO_9,St. Anns Bank,8/14/2024,2:20:00 PM,58,Bottom,2,,885A019,885059,412,45.892634,-59.579056,,3.07,self-preserving,SAB24_EDNA_059,12.3,ng/ul,"Nick Jeffery, Katie Thistle, Ryan Stanley, Harri Pettitt-Wade",,,
CURDO_9,St. Anns Bank,8/14/2024,2:20:00 PM,58,Bottom,3,,885A019,885060,MCRG283,45.892634,-59.579056,,3.15,self-preserving,SAB24_EDNA_060,10.8,ng/ul,"Nick Jeffery, Katie Thistle, Ryan Stanley, Harri Pettitt-Wade",,,
SAB_1,St. Anns Bank,8/14/2024,2:52:00 PM,63,Bottom,1,,885A020,885061,413,45.843828,-59.582363,,3.1,self-preserving,SAB24_EDNA_061,10.5,ng/ul,"Nick Jeffery, Katie Thistle, Ryan Stanley, Harri Pettitt-Wade",,,
SAB_1,St. Anns Bank,8/14/2024,2:52:00 PM,63,Bottom,2,,885A020,885062,415,45.843828,-59.582363,,3.13,self-preserving,SAB24_EDNA_062,7.36,ng/ul,"Nick Jeffery, Katie Thistle, Ryan Stanley, Harri Pettitt-Wade",,,
SAB_1,St. Anns Bank,8/14/2024,2:52:00 PM,63,Bottom,3,,885A020,885063,MCRG284,45.843828,-59.582363,,3.19,self-preserving,SAB24_EDNA_063,7.75,ng/ul,"Nick Jeffery, Katie Thistle, Ryan Stanley, Harri Pettitt-Wade",,,
BLANK,St. Anns Bank,8/14/2024,3:10:00 PM,NA,NA,BLANK,field blank,NA,885064,416,NA,NA,,3.03,self-preserving,SAB24_EDNA_064,2.48,ng/ul,"Nick Jeffery, Katie Thistle, Ryan Stanley, Harri Pettitt-Wade",,,
BLANK,St. Anns Bank,8/14/2024,3:10:00 PM,NA,NA,BLANK,field blank,NA,885065,MCRG285,NA,NA,,2.8,self-preserving,SAB24_EDNA_065,0.56,ng/ul,"Nick Jeffery, Katie Thistle, Ryan Stanley, Harri Pettitt-Wade",,,
SAB_6,St. Anns Bank,8/15/2024,1:50:00 PM,75,Bottom,1,,885A021,885066,417,45.94501,-59.42343,,3.2,self-preserving,SAB24_EDNA_066,8.75,ng/ul,"Nick Jeffery, Katie Thistle, Ryan Stanley, Harri Pettitt-Wade",,Slowed the CTD drop to 20m per min,
SAB_6,St. Anns Bank,8/15/2024,1:50:00 PM,75,Bottom,2,,885A021,885067,418,45.94501,-59.42343,,3.11,self-preserving,SAB24_EDNA_067,7.58,ng/ul,"Nick Jeffery, Katie Thistle, Ryan Stanley, Harri Pettitt-Wade",,,
SAB_6,St. Anns Bank,8/15/2024,1:50:00 PM,75,Bottom,3,,885A021,885068,419,45.94501,-59.42343,,3.14,self-preserving,SAB24_EDNA_068,5.27,ng/ul,"Nick Jeffery, Katie Thistle, Ryan Stanley, Harri Pettitt-Wade",,,
SAB_10,St. Anns Bank,8/15/2024,2:25:00 PM,55,Bottom,1,,885A022,885069,420,45.940385,-59.258815,,3.1,self-preserving,SAB24_EDNA_069,8.29,ng/ul,"Nick Jeffery, Katie Thistle, Ryan Stanley, Harri Pettitt-Wade",,CTD drop sped back up to 30m per minute.,
SAB_10,St. Anns Bank,8/15/2024,2:25:00 PM,55,Bottom,2,,885A022,885070,421,45.940385,-59.258815,,3.09,self-preserving,SAB24_EDNA_070,6.55,ng/ul,"Nick Jeffery, Katie Thistle, Ryan Stanley, Harri Pettitt-Wade",,,
SAB_10,St. Anns Bank,8/15/2024,2:25:00 PM,55,Bottom,3,,885A022,885071,422,45.940385,-59.258815,,3.12,self-preserving,SAB24_EDNA_071,7.06,ng/ul,"Nick Jeffery, Katie Thistle, Ryan Stanley, Harri Pettitt-Wade",,,
BLANK,St. Anns Bank,8/15/2024,2:50:00 AM,NA,NA,BLANK,field blank,NA,885072,423,NA,NA,,2.48,self-preserving,SAB24_EDNA_072,0.95,ng/ul,"Nick Jeffery, Katie Thistle, Ryan Stanley, Harri Pettitt-Wade",,,
SAB_5,St. Anns Bank,8/16/2024,9:25:00 AM,89,Bottom,1,,885A023,885073,424,45.853575,59.433784,,3.19,self-preserving,SAB24_EDNA_073,5.07,ng/ul,"Nick Jeffery, Katie Thistle, Ryan Stanley, Harri Pettitt-Wade",,,
SAB_5,St. Anns Bank,8/16/2024,9:25:00 AM,89,Bottom,2,,885A023,885074,425,45.853575,59.433784,,3.14,self-preserving,SAB24_EDNA_074,4.57,ng/ul,"Nick Jeffery, Katie Thistle, Ryan Stanley, Harri Pettitt-Wade",,,
SAB_5,St. Anns Bank,8/16/2024,9:25:00 AM,89,Bottom,3,,885A023,885075,426,45.853575,59.433784,,3.14,self-preserving,SAB24_EDNA_075,5.78,ng/ul,"Nick Jeffery, Katie Thistle, Ryan Stanley, Harri Pettitt-Wade",,,
SAB_9,St. Anns Bank,8/16/2024,11:50:00 AM,90,Bottom,1,,885A024,885076,428,45.862785,-59.275125,,3.17,self-preserving,SAB24_EDNA_076,4.71,ng/ul,"Nick Jeffery, Katie Thistle, Ryan Stanley, Harri Pettitt-Wade",,,
SAB_9,St. Anns Bank,8/16/2024,11:50:00 AM,90,Bottom,2,,885A024,885077,429,45.862785,-59.275125,,3.14,self-preserving,SAB24_EDNA_077,4.1,ng/ul,"Nick Jeffery, Katie Thistle, Ryan Stanley, Harri Pettitt-Wade",,,
SAB_9,St. Anns Bank,8/16/2024,11:50:00 AM,90,Bottom,3,,885A024,885078,430,45.862785,-59.275125,,3.18,self-preserving,SAB24_EDNA_078,3.59,ng/ul,"Nick Jeffery, Katie Thistle, Ryan Stanley, Harri Pettitt-Wade",,,
SAB_14,St. Anns Bank,8/16/2024,1:20:00 PM,124,Bottom,1,,885A025,885079,431,45.870942,-59.140814,,3.15,self-preserving,SAB24_EDNA_079,5.65,ng/ul,"Nick Jeffery, Katie Thistle, Ryan Stanley, Harri Pettitt-Wade",,,
SAB_14,St. Anns Bank,8/16/2024,1:20:00 PM,124,Bottom,2,,885A025,885080,432,45.870942,-59.140814,,3.54,self-preserving,SAB24_EDNA_080,6.09,ng/ul,"Nick Jeffery, Katie Thistle, Ryan Stanley, Harri Pettitt-Wade",,,
SAB_14,St. Anns Bank,8/16/2024,1:20:00 PM,124,Bottom,3,,885A025,885081,433,45.870942,-59.140814,,3.13,self-preserving,SAB24_EDNA_081,5.17,ng/ul,"Nick Jeffery, Katie Thistle, Ryan Stanley, Harri Pettitt-Wade",,,
SAB_19,St. Anns Bank,8/16/2024,2:55:00 PM,144,Bottom,1,,885A026,885082,434,45.93695,-58.984953,,3.14,self-preserving,SAB24_EDNA_082,5.15,ng/ul,"Nick Jeffery, Katie Thistle, Ryan Stanley, Harri Pettitt-Wade",,,
SAB_19,St. Anns Bank,8/16/2024,2:55:00 PM,144,Bottom,2,,885A026,885083,435,45.93695,-58.984953,,3.17,self-preserving,SAB24_EDNA_083,4.91,ng/ul,"Nick Jeffery, Katie Thistle, Ryan Stanley, Harri Pettitt-Wade",,,
SAB_19,St. Anns Bank,8/16/2024,2:55:00 PM,144,Bottom,3,,885A026,885084,436,45.93695,-58.984953,,3.16,self-preserving,SAB24_EDNA_084,8.31,ng/ul,"Nick Jeffery, Katie Thistle, Ryan Stanley, Harri Pettitt-Wade",,,
SAB_15,St. Anns Bank,8/16/2024,4:35:00 PM,94,Bottom,1,,885A027,885085,437,45.936672,-59.100682,,3.14,self-preserving,SAB24_EDNA_085,6.35,ng/ul,"Nick Jeffery, Katie Thistle, Ryan Stanley, Harri Pettitt-Wade",,,
SAB_15,St. Anns Bank,8/16/2024,4:35:00 PM,94,Bottom,2,,885A027,885086,438,45.936672,-59.100682,,3.9,self-preserving,SAB24_EDNA_086,6.48,ng/ul,"Nick Jeffery, Katie Thistle, Ryan Stanley, Harri Pettitt-Wade",,,
SAB_15,St. Anns Bank,8/16/2024,4:35:00 PM,94,Bottom,3,,885A027,885087,439,45.936672,-59.100682,,3.13,self-preserving,SAB24_EDNA_087,7.08,ng/ul,"Nick Jeffery, Katie Thistle, Ryan Stanley, Harri Pettitt-Wade",,,
BLANK,St. Anns Bank,8/16/2024,4:55:00 PM,NA,NA,BLANK,field blank,NA,885088,440,NA,NA,,2.04,self-preserving,SAB24_EDNA_088,4.76,ng/ul,"Nick Jeffery, Katie Thistle, Ryan Stanley, Harri Pettitt-Wade",,,
CAM_34,St. Anns Bank,8/17/2024,10:25:00 AM,38,Bottom,1,,885A028,885089,441,45.871411,-59.56617,,3.13,self-preserving,SAB24_EDNA_089,8.1,ng/ul,"Nick Jeffery, Katie Thistle, Ryan Stanley, Harri Pettitt-Wade",,,
CAM_34,St. Anns Bank,8/17/2024,10:25:00 AM,38,Bottom,2,,885A028,885090,442,45.871411,-59.56617,,3.51,self-preserving,SAB24_EDNA_090,6.2,ng/ul,"Nick Jeffery, Katie Thistle, Ryan Stanley, Harri Pettitt-Wade",,,
CAM_34,St. Anns Bank,8/17/2024,10:25:00 AM,38,Bottom,3,,885A028,885091,443,45.871411,-59.56617,,3.14,self-preserving,SAB24_EDNA_091,9.82,ng/ul,"Nick Jeffery, Katie Thistle, Ryan Stanley, Harri Pettitt-Wade",,,
CAM_37,St. Anns Bank,8/17/2024,1:45:00 PM,85,Bottom,1,,885A029,885092,444,45.827023,-59.64316,,3.18,self-preserving,SAB24_EDNA_092,5.39,ng/ul,"Nick Jeffery, Katie Thistle, Ryan Stanley, Harri Pettitt-Wade",,,
CAM_37,St. Anns Bank,8/17/2024,1:45:00 PM,85,Bottom,2,,885A029,885093,445,45.827023,-59.64316,,3.1,self-preserving,SAB24_EDNA_093,5.94,ng/ul,"Nick Jeffery, Katie Thistle, Ryan Stanley, Harri Pettitt-Wade",,,
CAM_37,St. Anns Bank,8/17/2024,1:45:00 PM,85,Bottom,3,,885A029,885094,446,45.827023,-59.64316,,3.09,self-preserving,SAB24_EDNA_094,7.08,ng/ul,"Nick Jeffery, Katie Thistle, Ryan Stanley, Harri Pettitt-Wade",,,
BLANK,St. Anns Bank,8/17/2024,1:55:00 PM,NA,NA,BLANK,field blank,NA,885095,447,NA,NA,,2.18,self-preserving,SAB24_EDNA_095,2.7,ng/ul,"Nick Jeffery, Katie Thistle, Ryan Stanley, Harri Pettitt-Wade",,,
CAM_13C,St. Anns Bank,8/15/2024,,75,75,BLANK,field blank,NA,,NA,45.8915,-59.6198,,NA,Wilderlab sponge filters,SAB24_EDNA_096,BQL,ng/ul,"Nick Jeffery, Katie Thistle, Ryan Stanley, Harri Pettitt-Wade",,"these spong filters are mounted on the drift camera so they sample a long transect, don't know how much water gets filtered though",
CAM_13C,St. Anns Bank,8/15/2024,,75,75,2,,NA,,NA,45.8915,-59.6198,,NA,Wilderlab sponge filters,SAB24_EDNA_097,0.568,ng/ul,"Nick Jeffery, Katie Thistle, Ryan Stanley, Harri Pettitt-Wade",,,
CAM_13C,St. Anns Bank,8/15/2024,,75,75,3,,NA,,NA,45.8915,-59.6198,,NA,Wilderlab sponge filters,SAB24_EDNA_098,0.642,ng/ul,"Nick Jeffery, Katie Thistle, Ryan Stanley, Harri Pettitt-Wade",,,
CAM_13C,St. Anns Bank,8/15/2024,,75,75,4,,NA,,NA,45.8915,-59.6198,,NA,Wilderlab sponge filters,SAB24_EDNA_099,0.937,ng/ul,"Nick Jeffery, Katie Thistle, Ryan Stanley, Harri Pettitt-Wade",,,
CAM_13C,St. Anns Bank,8/15/2024,,75,75,5,,NA,,NA,45.8915,-59.6198,,NA,Wilderlab sponge filters,SAB24_EDNA_100,1.19,ng/ul,"Nick Jeffery, Katie Thistle, Ryan Stanley, Harri Pettitt-Wade",,,
CAM_13C,St. Anns Bank,8/15/2024,,75,75,6,,NA,,NA,45.8915,-59.6198,,NA,Wilderlab sponge filters,SAB24_EDNA_101,0.608,ng/ul,"Nick Jeffery, Katie Thistle, Ryan Stanley, Harri Pettitt-Wade",,,
CAM_14,St. Anns Bank,8/15/2024,,53,53,BLANK,field blank,NA,,NA,45.8991,-59.5756,,NA,Wilderlab sponge filters,SAB24_EDNA_102,BQL,ng/ul,"Nick Jeffery, Katie Thistle, Ryan Stanley, Harri Pettitt-Wade",,,
CAM_14,St. Anns Bank,8/15/2024,,53,53,2,,NA,,NA,45.8991,-59.5756,,NA,Wilderlab sponge filters,SAB24_EDNA_103,2.71,ng/ul,"Nick Jeffery, Katie Thistle, Ryan Stanley, Harri Pettitt-Wade",,,
CAM_14,St. Anns Bank,8/15/2024,,53,53,3,,NA,,NA,45.8991,-59.5756,,NA,Wilderlab sponge filters,SAB24_EDNA_104,1.11,ng/ul,"Nick Jeffery, Katie Thistle, Ryan Stanley, Harri Pettitt-Wade",,,
CAM_14,St. Anns Bank,8/15/2024,,53,53,4,,NA,,NA,45.8991,-59.5756,,NA,Wilderlab sponge filters,SAB24_EDNA_105,1.57,ng/ul,"Nick Jeffery, Katie Thistle, Ryan Stanley, Harri Pettitt-Wade",,,
CAM_14,St. Anns Bank,8/15/2024,,53,53,5,,NA,,NA,45.8991,-59.5756,,NA,Wilderlab sponge filters,SAB24_EDNA_106,4.7,ng/ul,"Nick Jeffery, Katie Thistle, Ryan Stanley, Harri Pettitt-Wade",,,
CAM_14,St. Anns Bank,8/15/2024,,53,53,6,,NA,,NA,45.8991,-59.5756,,NA,Wilderlab sponge filters,SAB24_EDNA_107,2.12,ng/ul,"Nick Jeffery, Katie Thistle, Ryan Stanley, Harri Pettitt-Wade",,,
CAM_17,St. Anns Bank,8/15/2024,,91,91,BLANK,field blank,NA,,NA,45.9401,-59.3144,,NA,Wilderlab sponge filters,SAB24_EDNA_108,BQL,ng/ul,"Nick Jeffery, Katie Thistle, Ryan Stanley, Harri Pettitt-Wade",,,
CAM_17,St. Anns Bank,8/15/2024,,91,91,2,,NA,,NA,45.9401,-59.3144,,NA,Wilderlab sponge filters,SAB24_EDNA_109,0.281,ng/ul,"Nick Jeffery, Katie Thistle, Ryan Stanley, Harri Pettitt-Wade",,,
CAM_17,St. Anns Bank,8/15/2024,,91,91,3,,NA,,NA,45.9401,-59.3144,,NA,Wilderlab sponge filters,SAB24_EDNA_110,0.683,ng/ul,"Nick Jeffery, Katie Thistle, Ryan Stanley, Harri Pettitt-Wade",,,
CAM_17,St. Anns Bank,8/15/2024,,91,91,4,,NA,,NA,45.9401,-59.3144,,NA,Wilderlab sponge filters,SAB24_EDNA_111,0.358,ng/ul,"Nick Jeffery, Katie Thistle, Ryan Stanley, Harri Pettitt-Wade",,,
CAM_17,St. Anns Bank,8/15/2024,,91,91,5,,NA,,NA,45.9401,-59.3144,,NA,Wilderlab sponge filters,SAB24_EDNA_112,0.452,ng/ul,"Nick Jeffery, Katie Thistle, Ryan Stanley, Harri Pettitt-Wade",,,
BBL_05,Fundian Channel - Browns Bank,10/5/2024,22:43,180,,1,,511772,AZMP2024_EDNA_001,286,42.135382,-65.510124,,4.2,self-preserving,,,ng/ul,"Harri Pettitt-Wade, Lindsay Beazley",,,
BBL_05,Fundian Channel - Browns Bank,10/5/2024,22:50,180,,2,,511773,AZMP2024_EDNA_002,287,42.135382,-65.510124,,4.22,self-preserving,,,ng/ul,"Harri Pettitt-Wade, Lindsay Beazley",,,
BBL_07,Fundian Channel - Browns Bank,10/6/2024,8:34,1890,,1,,511816,AZMP2024_EDNA_005,290,41.86657,-65.34995,,4.32,self-preserving,,,ng/ul,"Harri Pettitt-Wade, Lindsay Beazley",,,
BBL_07,Fundian Channel - Browns Bank,10/6/2024,8:41,1890,,2,,511816,AZMP2024_EDNA_006,291,41.86657,-65.34995,,4.12,self-preserving,,,ng/ul,"Harri Pettitt-Wade, Lindsay Beazley",,,
NEC_06,Fundian Channel - Browns Bank,10/11/2024,4:35,220,,1,,512305,AZMP2024_EDNA_016,301,42.19984,-65.9386,,4.2,self-preserving,,,ng/ul,"Harri Pettitt-Wade, Lindsay Beazley",,,
NEC_06,Fundian Channel - Browns Bank,10/11/2024,4:42,220,,2,,512306,AZMP2024_EDNA_017,302,42.19984,-65.9386,,4.14,self-preserving,,,ng/ul,"Harri Pettitt-Wade, Lindsay Beazley",,,
NEC_05,Fundian Channel - Browns Bank,10/11/2024,6:12,230,,1,,512323,AZMP2024_EDNA_018,303,42.231412,-65.905341,,4.25,self-preserving,,,ng/ul,"Harri Pettitt-Wade, Lindsay Beazley",,,
NEC_05,Fundian Channel - Browns Bank,10/11/2024,6:19,230,,2,,512322,AZMP2024_EDNA_019,304,42.231412,-65.905341,,4.24,self-preserving,,,ng/ul,"Harri Pettitt-Wade, Lindsay Beazley",,,
NEC_05,Fundian Channel - Browns Bank,10/11/2024,6:26,125,,1,,512328,AZMP2024_EDNA_020,305,42.231412,-65.905341,,4.17,self-preserving,,,ng/ul,"Harri Pettitt-Wade, Lindsay Beazley",,,
NEC_05,Fundian Channel - Browns Bank,10/11/2024,6:32,125,,2,,512328,AZMP2024_EDNA_021,306,42.231412,-65.905341,,4.09,self-preserving,,,ng/ul,"Harri Pettitt-Wade, Lindsay Beazley",,,
GUL_02,Gully,10/15/2024,14:45,1182,,1,,512682,AZMP2024_EDNA_037,322,44.0099,-59,,4.21,self-preserving,,,ng/ul,"Harri Pettitt-Wade, Lindsay Beazley",,,
GUL_02,Gully,10/15/2024,14:54,1182,,2,,512683,AZMP2024_EDNA_038,323,44.0099,-59,,4.05,self-preserving,,,ng/ul,"Harri Pettitt-Wade, Lindsay Beazley",,,
GUL_03,Gully,10/15/2024,21:46,1771,,1,,512700,AZMP2024_EDNA_039,324,43.88835,-58.95363,,4.26,self-preserving,,,ng/ul,"Harri Pettitt-Wade, Lindsay Beazley",,,
GUL_03,Gully,10/15/2024,21:52,1771,,2,,512701,AZMP2024_EDNA_040,325,43.88835,-58.95363,,4.13,self-preserving,,,ng/ul,"Harri Pettitt-Wade, Lindsay Beazley",,,
GUL_03,Gully,10/15/2024,21:59,500,,1,,512705,AZMP2024_EDNA_041,326,43.88835,-58.95363,,4.1,self-preserving,,,ng/ul,"Harri Pettitt-Wade, Lindsay Beazley",,,
GUL_03,Gully,10/15/2024,22:04,500,,2,,512705,AZMP2024_EDNA_042,327,43.88835,-58.95363,,4.09,self-preserving,,,ng/ul,"Harri Pettitt-Wade, Lindsay Beazley",,,
STAB_06,St. Anns Bank,10/20/2024,20:42,405,,1,,,AZMP2024_EDNA_052,344,46.64487,-58.54527,,4.24,self-preserving,,,ng/ul,"Harri Pettitt-Wade, Lindsay Beazley",,,
STAB_06,St. Anns Bank,10/20/2024,20:50,405,,2,,,AZMP2024_EDNA_053,345,46.64487,-58.54527,,4.12,self-preserving,,,ng/ul,"Harri Pettitt-Wade, Lindsay Beazley",,Gas sampled first. Collected eDNA from other bottle repeat first.,
STAB_05,St. Anns Bank,10/21/2024,0:32,370,,1,,,AZMP2024_EDNA_054,346,46.41679,-58.88339,,5.02,self-preserving,,,ng/ul,"Harri Pettitt-Wade, Lindsay Beazley",,,
STAB_05,St. Anns Bank,10/21/2024,0:40,370,,2,,,AZMP2024_EDNA_055,347,46.41679,-58.88339,,4.09,self-preserving,,,ng/ul,"Harri Pettitt-Wade, Lindsay Beazley",,Gas sampled first. Collected eDNA from other bottle repeat before this one.,
STAB_04,St. Anns Bank,10/21/2024,3:19,150,,1,,,AZMP2024_EDNA_056,346,46.30005,-59.064476,,4.05,self-preserving,,,ng/ul,"Harri Pettitt-Wade, Lindsay Beazley",,,
STAB_04,St. Anns Bank,10/21/2024,3:26,150,,2,,,AZMP2024_EDNA_057,348,46.30005,-59.064476,,4.06,self-preserving,,,ng/ul,"Harri Pettitt-Wade, Lindsay Beazley",,,
STAB_03,St. Anns Bank,10/21/2024,7:16,84,,1,,,AZMP2024_EDNA_058,350,46.216604,-59.194821,,4.08,self-preserving,,,ng/ul,"Harri Pettitt-Wade, Lindsay Beazley",,Bottom action submitted later than actual bottom stop.,
STAB_03,St. Anns Bank,10/21/2024,7:26,84,,2,,,AZMP2024_EDNA_059,351,46.216604,-59.194821,,4.13,self-preserving,,,ng/ul,"Harri Pettitt-Wade, Lindsay Beazley",,Bottom action submitted later than actual bottom stop.,
STAB_02,St. Anns Bank,10/21/2024,10:40,65,,1,,,AZMP2024_EDNA_060,352,46.10833,-59.36425,,4.18,self-preserving,,,ng/ul,"Harri Pettitt-Wade, Lindsay Beazley",,,
STAB_02,St. Anns Bank,10/21/2024,10:48,65,,2,,,AZMP2024_EDNA_061,353,46.10833,-59.36425,,4.14,self-preserving,,,ng/ul,"Harri Pettitt-Wade, Lindsay Beazley",,,
STAB_01,St. Anns Bank,10/21/2024,12:54,50,,1,,,AZMP2024_EDNA_062,354,45.99982,-59.53293,,4.19,self-preserving,,,ng/ul,"Harri Pettitt-Wade, Lindsay Beazley",,,
STAB_01,St. Anns Bank,10/21/2024,13:03,50,,2,,,AZMP2024_EDNA_063,355,45.99982,-59.53293,,4.17,self-preserving,,,ng/ul,"Harri Pettitt-Wade, Lindsay Beazley",,,
