,X888.ENEG.1,X888.ENEG.2,X889.ENEG.1,X889.ENEG.2,X890.ENEG.1,X890.ENEG.2,X891.ENEG.1,X891.ENEG.2,X892.ENEG.1,X893.ENEG.1,X893.ENEG.2,X933.ENEG.1,X933.ENEG.2,X934.ENEG.1,AZMP2024.EDNA.001,AZMP2024.EDNA.002,AZMP2024.EDNA.005,AZMP2024.EDNA.006,AZMP2024.EDNA.016,AZMP2024.EDNA.017,AZMP2024.EDNA.018,AZMP2024.EDNA.019,AZMP2024.EDNA.020,AZMP2024.EDNA.021,AZMP2024.EDNA.037,AZMP2024.EDNA.038,AZMP2024.EDNA.039,AZMP2024.EDNA.040,AZMP2024.EDNA.041,AZMP2024.EDNA.042,AZMP2024.EDNA.052,AZMP2024.EDNA.053,AZMP2024.EDNA.054,AZMP2024.EDNA.055,AZMP2024.EDNA.056,AZMP2024.EDNA.057,AZMP2024.EDNA.058,AZMP2024.EDNA.059,AZMP2024.EDNA.060,AZMP2024.EDNA.061,AZMP2024.EDNA.062,AZMP2024.EDNA.063,SAB24.EDNA.001,SAB24.EDNA.002,SAB24.EDNA.003,SAB24.EDNA.004,SAB24.EDNA.005,SAB24.EDNA.006,SAB24.EDNA.007,SAB24.EDNA.008,SAB24.EDNA.009,SAB24.EDNA.010,SAB24.EDNA.011,SAB24.EDNA.012,SAB24.EDNA.013,SAB24.EDNA.014,SAB24.EDNA.015,SAB24.EDNA.016,SAB24.EDNA.017,SAB24.EDNA.018,SAB24.EDNA.019,SAB24.EDNA.020,SAB24.EDNA.021,SAB24.EDNA.022,SAB24.EDNA.023,SAB24.EDNA.024,SAB24.EDNA.025,SAB24.EDNA.026,SAB24.EDNA.027,SAB24.EDNA.028,SAB24.EDNA.029,SAB24.EDNA.030,SAB24.EDNA.031,SAB24.EDNA.032,SAB24.EDNA.033,SAB24.EDNA.034,SAB24.EDNA.035,SAB24.EDNA.036,SAB24.EDNA.037,SAB24.EDNA.038,SAB24.EDNA.039,SAB24.EDNA.040,SAB24.EDNA.041,SAB24.EDNA.042,SAB24.EDNA.043,SAB24.EDNA.044,SAB24.EDNA.045,SAB24.EDNA.046,SAB24.EDNA.047,SAB24.EDNA.048,SAB24.EDNA.049,SAB24.EDNA.050,SAB24.EDNA.051,SAB24.EDNA.052,SAB24.EDNA.053,SAB24.EDNA.054,SAB24.EDNA.055,SAB24.EDNA.056,SAB24.EDNA.057,SAB24.EDNA.058,SAB24.EDNA.059,SAB24.EDNA.060,SAB24.EDNA.061,SAB24.EDNA.062,SAB24.EDNA.063,SAB24.EDNA.064,SAB24.EDNA.065,SAB24.EDNA.066,SAB24.EDNA.067,SAB24.EDNA.068,SAB24.EDNA.069,SAB24.EDNA.070,SAB24.EDNA.071,SAB24.EDNA.072,SAB24.EDNA.073,SAB24.EDNA.074,SAB24.EDNA.075,SAB24.EDNA.076,SAB24.EDNA.077,SAB24.EDNA.078,SAB24.EDNA.079,SAB24.EDNA.080,SAB24.EDNA.081,SAB24.EDNA.082,SAB24.EDNA.083,SAB24.EDNA.084,SAB24.EDNA.085,SAB24.EDNA.086,SAB24.EDNA.087,SAB24.EDNA.088,SAB24.EDNA.089,SAB24.EDNA.090,SAB24.EDNA.091,SAB24.EDNA.092,SAB24.EDNA.093,SAB24.EDNA.094,SAB24.EDNA.095,SAB24.EDNA.096,SAB24.EDNA.097,SAB24.EDNA.098,SAB24.EDNA.099,SAB24.EDNA.100,SAB24.EDNA.101,SAB24.EDNA.102,SAB24.EDNA.103,SAB24.EDNA.104,SAB24.EDNA.105,SAB24.EDNA.106,SAB24.EDNA.107,SAB24.EDNA.108,SAB24.EDNA.109,SAB24.EDNA.110,SAB24.EDNA.111,SAB24.EDNA.112,Phylum,V14,Class,V16,V17,V18,V19,V20,V21,V23,V24,V26,Species,V29
4,0,0,0,0,0,0,0,0,0,0,0,0,0,0,0,0,0,0,0,0,0,0,0,0,0,0,0,0,0,0,0,0,0,0,23,0,55,138,37,56,22,19,0,0,11,0,13,0,0,0,0,0,48,77,68,89,122,69,95,140,82,262,65,144,44,32,40,0,0,0,0,0,57,56,38,47,57,44,50,101,70,59,85,49,70,23,34,0,0,19,0,0,0,0,0,0,38,56,78,107,66,55,79,86,108,0,0,88,145,93,20,103,103,0,29,38,31,25,14,0,0,0,0,0,0,0,0,0,0,0,29,0,14,25,39,37,0,0,0,0,0,0,0,0,0,0,0,0,0,0,0,0,0,0,Chlorophyta,1,Mamiellophyceae,class,1,Mamiellales,order,1,Mamiellaceae,1,Micromonas_green_algae,1,Micromonas_pusilla,1
6,32,29,24,41,35,0,25,18,40,27,28,10,0,65,3636,3704,15,16,702,459,290,312,11039,11905,41,188,141,210,47,51,31,26,48,90,527,626,8466,13010,12061,13469,18263,22717,754,444,765,3591,2870,3260,193,79,27,50,17409,20383,15945,17274,21528,12811,8442,13618,9804,15379,3908,13267,13598,8487,13615,43,387,191,505,67,12398,15567,11359,18031,17883,20391,12418,18718,15271,15010,15967,15877,20515,18638,10233,24457,28881,28225,14165,17418,16883,10512,9579,16927,13492,14829,26016,25822,18979,15586,15695,10882,11798,31,27,8348,14584,7102,4411,12821,14447,95,7087,6916,4325,4786,3380,1599,340,315,248,108,62,172,609,72,566,30,10530,3205,4986,4850,9187,7090,56,33,401,739,619,433,551,0,290,300,409,337,312,15,732,1813,173,1542,Chlorophyta,1,Mamiellophyceae,class,1,Mamiellales,order,1,Mamiellaceae,1,Micromonas_green_algae,1,Micromonas_pusilla,1
11,0,0,0,0,0,0,0,0,0,0,0,0,0,0,0,0,0,0,0,0,0,0,194,185,0,0,0,0,0,0,0,0,0,0,0,0,0,0,0,0,0,219,0,0,0,0,0,0,0,0,0,0,294,304,279,298,276,186,0,0,0,0,0,0,162,0,207,0,0,0,0,0,199,261,0,281,259,360,211,370,210,221,0,257,328,324,182,402,492,475,0,223,210,0,0,195,242,217,452,370,321,235,192,0,0,0,0,0,0,0,0,0,0,0,0,0,0,0,0,0,0,0,0,0,0,0,0,0,0,0,188,0,0,0,0,0,0,0,0,0,0,0,0,0,0,0,0,0,0,0,0,0,0,0,Chlorophyta,1,Mamiellophyceae,class,1,Mamiellales,order,1,Mamiellaceae,1,Micromonas_green_algae,1,Micromonas_pusilla,1
18,0,0,0,0,0,0,0,0,0,0,0,0,0,0,0,0,0,0,0,0,0,0,0,0,0,0,0,0,0,0,0,0,0,0,0,0,0,0,0,0,0,0,0,0,0,0,0,0,0,0,0,0,0,0,0,0,0,0,0,0,0,7,0,0,10,0,26,0,0,0,0,0,0,0,0,0,0,0,0,0,0,0,0,0,5,0,0,0,0,7,9,0,6,0,7,6,0,0,0,5,0,0,0,0,0,0,0,0,9,0,0,0,0,0,0,0,0,0,0,0,0,0,0,0,0,0,0,0,0,0,0,0,0,0,0,0,0,0,0,0,32,0,0,0,31,0,0,40,0,0,0,176,0,0,Chordata,1,Actinopteri,class,1,Scombriformes,order,1,Scombridae,1,Scomber,1,Scomber_scombrus,1
30,0,0,0,0,0,0,0,0,0,0,0,0,0,0,0,0,0,0,0,0,0,0,0,0,0,0,0,0,0,0,0,0,0,0,0,0,0,0,0,0,0,10,0,0,35,151,14,135,13,6,0,0,11,0,0,0,0,0,0,0,0,0,0,0,11,0,0,0,0,0,0,0,0,0,0,3,0,0,113,0,4,0,194,0,0,0,6,0,0,5,0,5,0,0,1224,0,17,0,0,0,0,2,0,9,0,0,0,0,0,8,0,0,0,0,0,0,25,81,4,44,13,0,0,0,0,0,0,0,8,0,0,0,0,0,0,0,0,0,0,0,0,0,2,0,7,0,0,567,0,0,0,0,0,0,Cnidaria,1,Hydrozoa,class,1,Anthoathecata,order,1,Bougainvilliidae,1,Lizzia,1,Lizzia_blondina,1
45,0,0,0,0,0,0,0,0,0,0,0,0,0,0,0,0,0,0,0,0,0,0,0,0,0,0,0,0,0,0,0,0,0,0,0,5,15,0,3,4,0,0,9,17,17,10,16,11,22,52,0,0,8,0,7,10,7,8,12,22,7,517,0,14,23,6,5,0,0,5,17,0,0,0,6907,6,0,4,1026,0,0,0,0,0,0,0,6,7,0,0,0,0,0,0,0,0,0,0,0,0,0,0,4,0,0,0,0,0,0,0,0,0,0,0,6,8,10,0,0,0,0,14,0,3,0,4,22,0,0,0,57,15,31,24,73,47,0,0,0,0,0,0,0,0,28,2,17,0,0,0,0,0,0,0,Echinodermata,1,Ophiuroidea,class,1,Amphilepidida,order,1,Ophiuridae,1,Ophiura,1,Ophiura_robusta,1
54,0,0,0,0,0,0,0,0,0,0,0,0,0,0,0,0,0,0,0,0,0,0,0,0,0,0,0,0,0,0,0,0,0,0,80,67,0,0,0,0,0,0,0,0,0,0,0,93,49,41,0,0,0,0,0,0,0,0,0,0,0,0,0,0,0,0,0,0,0,0,0,0,0,0,0,0,0,0,0,0,0,0,0,0,0,0,0,0,0,0,0,0,0,0,0,0,0,0,0,0,0,0,0,0,0,0,0,0,0,0,0,0,0,0,0,0,0,0,25,0,115,0,0,0,0,16,0,0,59,0,0,0,0,0,0,0,0,0,0,0,0,0,0,0,0,0,0,0,0,0,0,0,0,0,Annelida,1,Polychaeta,class,1,Terebellida,order,1,Cirratulidae,1,Chaetozone,1,Chaetozone_setosa,1
60,0,0,0,0,0,0,0,0,0,0,0,0,0,0,0,0,0,0,0,0,0,0,0,0,0,0,0,0,0,0,0,0,0,81,0,0,0,0,0,0,0,0,0,12,22,0,0,33,31,0,0,0,0,0,8,0,0,0,8,12,0,0,0,0,0,0,4,0,0,0,0,0,0,12,0,0,4,9,5,0,0,0,7,24,6,15,0,0,0,0,0,0,0,0,0,0,7,0,3,0,0,0,9,0,9,0,0,0,0,19,0,0,6,0,0,0,0,37,0,0,0,0,0,22,13,0,0,0,0,0,0,0,0,0,0,0,0,0,0,0,0,0,0,0,0,0,0,6,0,0,0,0,0,0,Mollusca,1,Bivalvia,class,1,Galeommatida,order,1,Montacutidae,1,Kurtiella,1,Kurtiella_bidentata,1
62,0,0,0,0,0,0,0,0,0,0,0,0,0,0,0,0,0,0,0,0,0,0,0,0,0,0,0,0,0,0,0,0,0,0,0,0,0,33,0,4,0,0,0,0,0,0,0,0,0,0,0,0,0,0,0,0,0,0,0,0,0,0,0,0,0,0,0,0,0,0,0,0,0,0,0,0,2,0,0,0,0,0,0,0,0,0,0,0,0,0,0,0,0,0,0,0,0,0,0,0,0,0,0,0,0,0,0,0,0,0,0,0,0,0,0,11,0,0,0,0,1572,29,0,12,0,13,0,0,0,0,0,0,0,0,0,0,0,0,0,0,0,0,0,0,0,0,0,0,0,0,34,37,0,35,Annelida,1,Polychaeta,class,1,Terebellida,order,1,Trichobranchidae,1,Terebellides,1,Terebellides_stroemii_CMC04,1
65,0,0,0,0,0,0,0,0,0,0,0,44,0,0,0,0,0,0,0,0,0,0,0,0,0,0,0,0,0,0,0,0,0,0,0,0,0,0,0,0,0,0,0,0,0,7,0,0,0,0,0,0,0,0,0,0,0,0,0,0,0,0,0,0,0,0,0,0,0,0,0,418,0,0,0,0,0,0,0,0,0,0,0,0,0,0,0,0,0,0,0,0,0,11,0,0,0,0,0,0,0,0,0,0,0,0,0,0,0,0,0,0,0,0,0,0,0,0,0,0,0,0,0,0,0,0,0,0,0,0,0,0,0,0,0,0,0,0,0,0,0,0,0,17,0,0,0,0,0,0,0,0,0,0,Chordata,1,Mammalia,class,1,Carnivora,order,1,Canidae,1,Canis,1,Canis_lupus,1
73,0,0,0,0,0,0,0,0,0,3,0,0,0,0,0,0,0,0,0,0,0,0,0,0,0,0,0,0,0,0,0,0,0,0,0,0,0,0,0,0,0,0,0,0,0,0,120,34,0,0,0,0,0,0,0,0,0,0,0,0,0,0,0,0,0,0,16,0,123,0,111,0,18,0,0,0,4,0,0,0,8,10,14,4,0,0,0,0,0,0,0,0,0,0,0,0,0,0,0,0,0,0,11,0,0,0,0,0,0,0,0,0,0,0,0,0,0,9,0,0,30,24,0,28,0,17,76,0,0,0,0,0,5661,0,0,0,0,0,0,0,0,0,0,0,0,0,0,0,0,0,0,0,0,0,Annelida,1,Polychaeta,class,1,Eunicida,order,1,Dorvilleidae,1,Dorvillea,1,Dorvillea_kastjani,1
75,0,0,0,0,0,0,0,0,0,0,0,0,0,0,0,0,0,0,0,0,0,0,0,0,0,0,0,0,0,0,0,0,0,0,0,0,0,0,0,0,0,0,0,0,10,71,0,0,21,0,0,0,0,0,0,0,0,0,20,0,0,0,0,0,0,0,0,0,65,74,0,0,0,0,0,0,0,0,7,6,0,0,0,0,0,0,0,0,3,0,0,0,0,0,0,0,0,0,0,0,0,0,0,0,9,0,0,0,0,0,0,0,0,0,0,0,0,0,0,0,0,0,0,0,0,0,0,0,63,0,0,0,0,0,0,0,0,0,0,0,0,0,0,0,0,0,0,0,11,0,91,0,0,0,Annelida,1,Polychaeta,class,1,Eunicida,order,1,Dorvilleidae,1,Dorvillea,1,Dorvillea_kastjani,1
97,0,0,0,0,0,0,0,0,0,0,0,0,0,0,0,0,0,0,0,0,0,0,0,0,0,0,0,0,0,0,0,0,0,0,0,0,10,0,0,0,0,35,0,0,0,0,0,0,0,0,0,0,0,16,21,0,6,9,11,0,13,20,0,31,6,0,0,0,0,0,0,0,0,9,0,29,0,0,10,0,9,0,9,11,0,0,15,0,0,0,0,0,0,0,0,0,8,10,0,5,0,0,0,0,0,0,0,41,0,0,2,0,0,0,0,60,0,66,0,0,0,14,26,0,0,0,17,9,0,0,11,0,0,0,17,0,0,0,0,0,0,0,0,0,0,0,0,0,0,0,0,0,0,0,Echinodermata,1,Asteroidea,class,1,Velatida,order,1,Solasteridae,1,Solaster,1,Solaster_endeca,1
119,18,18,0,24,23,0,0,0,17,40,11,7,0,23,611,637,0,0,47,27,0,20,2062,1990,0,0,8,0,24,0,0,19,14,32,77,192,2557,2639,3415,3217,1164,1474,1028,540,1271,2446,2842,2884,86,83,0,19,11327,13787,11043,16949,16327,10683,16058,24510,16158,31678,9775,24614,5760,4826,6934,18,71,110,95,52,8475,10320,7545,10627,12652,11113,7807,12000,9454,11514,12093,10770,11685,10263,6263,4992,5395,5703,382,382,360,160,153,266,9800,10991,17039,19008,13809,11525,16795,11943,13442,0,20,13327,19672,11838,4755,13625,14529,58,8550,7609,5534,4630,3319,1630,223,172,97,70,34,51,783,56,486,0,5112,1715,2736,4362,8383,6505,37,13,101,198,157,146,49,26,136,180,168,132,98,14,71,311,16,281,Chlorophyta,0.99,Mamiellophyceae,class,0.99,Mamiellales,order,0.99,Mamiellaceae,0.99,Micromonas_green_algae,0.99,Micromonas_pusilla,0.99
121,0,0,0,0,0,0,0,0,0,0,0,0,0,0,0,0,0,0,0,0,0,0,0,0,0,0,0,0,0,0,0,0,0,0,0,0,0,0,0,0,92,124,0,0,0,0,0,0,0,0,0,0,8,0,0,0,0,0,0,0,0,0,0,0,0,0,0,0,64,0,58,0,0,0,0,0,0,0,0,0,0,0,0,0,0,0,0,34,41,54,38,36,38,17,29,43,0,8,0,0,0,10,0,0,0,0,0,0,0,0,0,0,0,0,0,0,0,0,0,0,0,0,20,0,0,0,0,0,0,0,0,0,0,0,0,0,0,0,0,0,7,0,0,0,0,0,0,0,0,0,0,15,12,0,Chlorophyta,1,Mamiellophyceae,class,1,Mamiellales,order,1,Mamiellaceae,1,Micromonas_green_algae,1,Micromonas_pusilla,1
122,0,0,0,0,0,0,0,0,0,0,0,0,0,0,0,0,0,0,0,0,0,0,0,0,0,0,0,0,0,0,0,0,0,0,0,0,17,0,0,0,161,175,0,0,0,0,0,0,0,0,0,0,0,0,0,0,0,0,0,0,0,0,0,0,0,0,0,0,0,0,0,0,0,0,0,0,0,0,0,0,0,0,0,0,11,0,0,0,0,0,0,0,0,0,0,0,0,0,0,0,0,0,0,0,7,0,0,0,0,0,0,0,0,0,0,0,0,0,0,0,0,0,0,0,0,0,0,0,0,0,0,0,0,0,0,0,0,0,0,0,0,0,0,0,0,0,0,4,0,0,0,0,0,0,Chlorophyta,0.99,Mamiellophyceae,class,0.99,Mamiellales,order,0.99,Mamiellaceae,0.99,Micromonas_green_algae,0.99,Micromonas_pusilla,0.99
123,0,0,0,0,0,0,0,0,0,0,0,0,0,0,0,0,0,0,0,0,0,0,0,0,0,0,0,0,0,0,0,0,0,0,0,0,0,0,35,28,525,579,0,0,0,0,0,0,0,0,0,0,0,0,0,0,0,0,0,0,0,0,0,0,22,12,21,0,49,14,57,0,0,0,0,16,0,10,0,14,0,0,0,0,0,0,0,62,44,59,36,45,49,20,16,23,0,0,16,12,17,0,0,0,0,0,0,0,0,5,0,0,0,0,0,0,0,0,7,0,0,0,0,0,0,0,0,0,0,0,0,0,0,0,0,0,0,0,0,0,0,14,20,0,0,0,0,0,0,0,33,92,0,29,Chlorophyta,0.99,Mamiellophyceae,class,0.99,Mamiellales,order,0.99,Mamiellaceae,0.99,Micromonas_green_algae,0.99,Micromonas_pusilla,0.99
126,0,0,0,0,0,0,0,0,0,0,0,0,0,0,0,0,0,0,0,0,0,0,0,0,0,0,0,0,0,0,0,0,0,0,0,52,33,30,20,0,0,0,0,4,17,0,11,9,0,15,0,0,0,0,0,0,0,0,0,0,0,0,0,0,0,0,0,0,282,213,277,0,0,0,0,0,0,0,0,0,0,0,0,0,0,0,0,0,0,0,0,0,0,0,0,0,0,0,0,0,0,0,0,0,0,0,0,0,0,0,0,0,0,0,0,0,0,17,13,0,5,0,0,0,0,8,0,0,4,0,0,0,0,0,0,0,0,0,0,0,0,0,0,0,0,0,0,0,0,0,0,0,0,15,Annelida,1,Polychaeta,class,1,undef_Polychaeta,order,1,Scalibregmatidae,1,Polyphysia,1,Polyphysia_crassa,1
127,0,0,0,0,0,0,0,0,0,0,0,0,0,0,0,0,0,0,0,0,0,0,0,0,0,0,0,0,0,0,0,0,0,0,0,0,0,15,0,0,0,0,0,0,5,0,0,0,232,9,0,0,0,0,0,0,0,0,0,0,0,0,0,0,0,0,0,0,0,0,0,0,0,0,0,0,0,0,0,0,0,0,0,0,0,0,0,0,0,0,0,0,0,0,0,0,0,0,0,0,0,0,0,0,0,0,0,0,0,0,0,0,0,0,0,0,33,183,1858,0,66,18,0,59,0,79,0,8,0,0,0,0,0,4,0,0,0,0,0,20,0,0,0,0,0,0,0,0,0,0,0,81,0,86,Annelida,1,Polychaeta,class,1,Terebellida,order,1,Terebellidae,1,Pista,1,Pista_maculata,1
134,0,0,0,0,0,0,0,0,0,0,0,0,0,0,0,0,0,0,419,307,126,87,0,0,7,0,0,0,6,0,0,0,0,0,0,0,0,0,0,0,0,0,0,0,0,0,0,0,0,0,0,0,0,0,0,0,0,0,0,0,0,0,0,0,0,0,0,0,0,0,0,0,0,0,0,0,0,0,0,0,0,0,0,0,0,0,0,0,0,0,0,0,0,0,0,0,0,0,0,0,0,0,0,0,0,0,0,0,0,0,0,0,0,0,0,0,0,0,0,0,0,0,0,0,0,0,0,0,0,0,0,0,0,0,0,0,0,0,0,0,0,0,0,0,0,0,0,0,0,0,0,0,0,0,Cnidaria,1,Anthozoa,class,1,Alcyonacea,order,1,Primnoidae,1,Primnoa_soft_corals,1,Primnoa_pacifica,1
170,0,0,0,0,0,0,0,0,0,0,0,0,0,0,0,0,0,0,0,0,0,0,0,0,0,0,0,0,0,2484,0,0,0,0,0,0,0,0,0,0,0,0,0,0,0,0,0,0,0,0,0,0,0,0,0,0,0,0,0,0,0,0,0,0,0,0,0,0,0,0,0,0,0,0,0,0,0,0,0,0,5,0,0,0,6,0,0,0,0,0,0,0,0,0,0,0,0,0,0,0,0,0,0,0,0,0,0,0,0,0,0,5424,0,0,0,0,0,11,0,0,0,0,0,0,0,0,0,0,4,0,0,0,0,0,0,0,0,0,0,0,0,0,0,0,0,0,0,0,0,0,0,77,0,0,Arthropoda,1,Hexanauplia,class,1,Calanoida,order,1,Clausocalanidae,1,Pseudocalanus,1,Pseudocalanus_minutus,1
178,0,0,0,0,0,0,0,0,0,0,0,0,0,0,0,0,0,0,0,0,0,0,0,0,0,0,0,0,0,0,0,0,0,0,3,0,0,0,0,0,0,0,0,0,4,0,0,0,52,14,6,0,0,0,0,0,0,0,0,0,0,0,0,0,0,0,0,0,0,0,0,0,1075,0,0,0,0,0,0,0,0,0,0,0,0,0,0,0,0,0,0,0,0,0,0,0,0,0,0,0,0,0,0,0,0,0,0,0,0,0,0,0,0,0,0,0,0,9,0,0,0,0,0,15,0,10,12,0,0,0,0,0,0,0,0,0,0,0,0,0,0,0,0,0,0,0,0,0,0,0,0,0,0,0,Echinodermata,1,Ophiuroidea,class,1,Amphilepidida,order,1,Ophiuridae,1,Ophiura,1,Ophiura_sarsii,1
179,0,0,0,0,0,0,0,0,0,0,0,0,0,0,0,0,0,0,0,0,0,0,0,0,0,0,0,0,0,0,0,0,0,0,0,0,0,0,0,0,0,0,0,0,0,0,0,0,0,0,0,0,0,0,0,0,0,0,0,0,0,0,0,0,0,0,0,0,0,0,0,0,0,0,0,0,0,0,0,0,0,0,0,0,0,0,0,0,0,0,0,0,0,0,0,0,0,0,0,0,0,0,0,0,0,0,0,0,0,0,0,0,1091,0,0,0,0,0,0,0,0,0,0,0,0,0,0,0,0,0,0,0,0,0,0,0,0,0,0,0,0,0,0,0,0,0,0,0,0,0,0,0,0,0,Echinodermata,1,Ophiuroidea,class,1,Amphilepidida,order,1,Ophiuridae,1,Ophiura,1,Ophiura_sarsii,1
183,0,0,0,0,0,0,0,0,0,0,0,0,0,0,0,0,0,0,0,0,0,0,0,0,0,0,0,0,0,0,0,0,0,0,0,0,0,0,0,0,0,0,0,0,0,0,0,0,0,0,0,0,0,0,0,0,0,0,0,0,0,0,0,0,0,0,0,0,0,0,0,0,0,0,0,0,0,0,0,0,0,0,0,0,0,0,0,0,0,0,0,0,0,0,0,0,0,0,0,0,0,0,0,0,0,0,0,29,32,31,0,0,0,0,7,0,10,24,12,0,0,0,0,0,0,0,18,0,0,0,0,0,0,0,0,0,0,0,0,0,0,0,0,0,0,0,0,0,0,0,472,801,71,414,Echinodermata,1,Ophiuroidea,class,1,Euryalida,order,1,Gorgonocephalidae,1,Gorgonocephalus,1,Gorgonocephalus_arcticus,1
185,0,0,0,0,0,0,0,0,0,0,0,0,0,0,0,0,0,0,0,0,0,0,0,0,0,0,0,0,0,0,0,0,0,0,0,0,0,0,0,0,0,0,0,0,0,0,0,0,0,0,0,0,0,0,0,0,0,0,0,0,0,0,0,0,0,0,0,0,0,0,0,0,0,0,0,0,0,0,0,0,0,0,0,0,0,0,0,0,0,0,0,0,0,0,0,0,0,0,0,0,0,0,0,0,0,0,0,0,0,0,0,0,0,0,0,0,0,0,0,11,0,0,0,0,0,0,0,0,0,0,0,0,0,0,0,0,0,0,0,0,0,0,0,0,0,0,0,0,0,0,0,236,0,239,Echinodermata,1,Ophiuroidea,class,1,Euryalida,order,1,Gorgonocephalidae,1,Gorgonocephalus,1,Gorgonocephalus_arcticus,1
186,0,0,0,0,0,0,0,0,0,0,0,0,0,0,0,0,0,0,0,0,0,0,0,0,0,0,0,0,0,0,0,0,0,0,0,0,0,0,0,0,0,0,0,0,0,0,0,0,0,0,0,0,0,0,0,0,0,0,0,0,0,0,0,0,0,0,0,0,0,0,0,0,0,0,0,0,0,0,0,0,0,0,0,0,0,0,0,0,0,0,0,0,0,0,0,0,0,0,0,0,0,0,0,0,0,0,0,0,0,0,0,0,0,0,0,0,0,0,0,0,0,0,0,0,0,0,0,0,0,0,0,0,0,0,0,0,0,0,0,0,0,0,0,0,0,0,0,0,0,0,125,293,0,177,Echinodermata,1,Ophiuroidea,class,1,Euryalida,order,1,Gorgonocephalidae,1,Gorgonocephalus,1,Gorgonocephalus_arcticus,1
188,0,0,0,0,0,0,0,0,0,0,0,0,0,0,0,0,0,0,0,0,0,0,0,0,0,0,0,0,0,0,0,0,0,0,0,0,0,0,0,0,0,0,0,0,0,0,0,0,0,0,0,0,0,0,0,0,0,0,0,0,0,0,0,0,0,0,0,0,0,0,0,0,0,0,0,0,0,0,0,0,0,0,0,0,0,0,0,0,0,0,0,0,0,0,0,0,0,0,0,0,0,0,0,0,0,0,0,0,0,0,0,0,0,0,0,0,0,0,0,0,0,0,0,0,0,0,0,0,0,0,0,0,0,0,0,0,0,0,0,0,0,0,0,0,0,0,0,0,0,0,38,151,41,210,Echinodermata,1,Ophiuroidea,class,1,Euryalida,order,1,Gorgonocephalidae,1,Gorgonocephalus,1,Gorgonocephalus_arcticus,1
193,0,0,0,0,0,0,0,0,0,0,0,0,0,0,0,0,0,0,0,0,0,0,0,11,0,0,0,0,0,0,0,0,0,0,0,0,0,0,0,0,12,15,5,0,108,0,0,3,12,0,0,0,40,53,59,25,13,15,28,25,41,8,0,0,210,239,283,0,0,0,0,0,32,26,15,31,57,24,36,35,23,30,15,17,39,28,21,6,5,12,0,0,0,0,0,0,13,11,27,12,41,21,84,67,53,0,0,22,56,29,9,30,21,0,72,29,52,77,62,40,0,22,0,16,4,0,34,0,4,0,8,0,5,7,17,32,0,0,17,0,0,0,9,0,15,0,0,0,13,0,0,82,0,57,Porifera,1,Demospongiae,class,1,Poecilosclerida,order,1,Myxillidae,1,Ectyonopsis,1,Ectyonopsis_pluridentata,1
197,0,0,0,0,0,0,0,0,0,0,0,0,0,0,0,0,0,0,0,0,0,0,0,0,0,0,0,0,0,0,0,0,0,0,0,0,0,0,0,0,0,0,0,0,0,0,0,0,0,0,0,0,6,0,0,0,0,0,0,0,0,0,0,0,0,0,0,0,0,0,0,0,0,0,0,0,0,0,0,0,0,0,0,0,0,0,0,0,0,0,0,0,0,0,0,0,0,0,0,0,0,0,0,0,0,0,0,0,0,0,0,0,0,0,0,0,0,0,0,0,0,0,0,0,0,0,0,0,0,0,0,0,4708,0,0,0,0,0,0,0,91,0,0,0,0,0,91,0,0,0,0,0,0,53,Echinodermata,1,Ophiuroidea,class,1,Amphilepidida,order,1,Ophiactidae,1,Ophiopholis,1,Ophiopholis_aculeata,1
208,0,0,0,0,0,0,0,0,0,0,0,0,0,0,0,0,0,0,0,0,0,0,0,0,0,0,0,0,0,0,0,0,0,0,0,0,0,0,0,0,0,0,0,0,0,0,0,0,0,0,0,0,0,0,0,0,0,0,0,0,0,68,0,8,6,0,0,0,0,0,0,0,6,0,4,0,13,0,12,19,15,0,0,0,4,0,21,0,0,19,0,0,0,0,0,0,24,0,0,0,19,13,11,66,60,0,0,0,132,114,0,3,8,0,110,126,13,203,0,0,0,0,0,0,0,0,0,0,0,0,0,0,0,0,7,115,0,0,0,0,28,38,0,0,0,0,0,0,0,0,0,0,0,0,Chordata,1,Ascidiacea,class,1,Stolidobranchia,order,1,Pyuridae,1,Halocynthia,1,Halocynthia_pyriformis,1
227,0,0,0,0,0,0,0,0,0,0,0,0,0,0,0,0,0,0,0,0,0,0,0,0,0,0,0,0,0,0,0,0,0,0,0,0,0,0,0,0,0,0,0,0,0,0,0,0,0,0,0,0,0,0,0,0,0,0,0,0,0,0,0,0,0,0,0,0,0,0,0,0,0,0,0,0,0,0,0,0,0,0,0,0,0,0,0,0,0,0,0,0,0,0,0,0,0,0,0,0,0,0,0,0,0,0,0,0,0,0,0,0,0,0,0,0,0,0,0,0,0,0,427,0,0,0,0,0,0,0,0,0,0,0,0,0,0,0,0,0,0,0,0,0,0,0,0,0,0,0,0,0,0,0,Arthropoda,1,Hexanauplia,class,1,Siphonostomatoida,order,1,Asterocheridae,1,Asterocheres,1,Asterocheres_lilljeborgi,1
233,0,0,0,0,0,0,0,0,0,0,0,0,0,0,0,0,0,0,0,0,0,0,0,0,0,0,0,0,0,0,0,0,0,0,0,0,0,0,0,0,0,0,0,0,0,0,0,0,0,0,0,0,0,0,0,0,0,0,0,0,0,0,0,0,0,0,0,0,0,0,0,0,0,0,0,0,0,0,0,0,0,0,0,1658,0,0,0,0,0,0,0,0,0,0,0,0,0,0,0,0,0,0,0,0,0,0,0,0,0,0,0,0,0,0,0,0,0,0,0,0,0,0,0,0,0,0,0,0,0,0,0,0,0,0,0,0,0,0,0,0,0,0,0,0,0,0,0,0,0,0,0,0,0,0,Arthropoda,1,Hexanauplia,class,1,Calanoida,order,1,Calanidae,1,Calanus,1,Calanus_finmarchicus,1
238,0,0,0,0,0,0,0,0,0,0,0,0,0,0,0,0,0,0,0,0,0,0,0,0,0,0,0,0,0,0,0,0,0,0,0,0,0,0,0,0,0,0,0,0,0,0,0,0,0,0,0,0,0,0,0,0,0,0,0,0,0,0,0,0,0,0,0,0,0,0,0,0,0,0,0,0,0,0,0,0,0,2435,0,0,0,0,0,0,0,0,0,0,0,0,0,0,0,0,0,0,0,0,0,0,0,0,0,0,0,0,0,0,0,0,0,0,0,0,0,0,0,0,0,0,0,0,0,0,0,0,0,0,0,0,0,0,0,0,0,0,0,0,0,0,0,0,0,0,0,0,0,0,0,0,Arthropoda,1,Hexanauplia,class,1,Calanoida,order,1,Calanidae,1,Calanus,1,Calanus_finmarchicus,1
239,0,0,0,0,0,0,0,0,0,0,0,0,0,0,0,11901,0,0,0,0,0,0,0,0,0,0,0,0,0,0,0,0,0,0,0,0,0,0,0,0,0,0,0,0,0,0,0,0,0,0,0,0,0,0,0,0,0,0,0,0,0,0,0,0,6,0,0,0,0,0,0,0,0,0,5051,0,0,0,391,1741,0,401,0,0,161,0,0,0,408,0,0,0,0,0,0,0,3414,1123,0,519,0,0,17,0,0,0,0,0,0,0,0,0,12482,0,0,2484,0,0,0,0,13,0,0,0,0,0,14,0,0,0,0,0,0,0,0,0,0,0,0,0,0,0,0,0,0,0,0,0,2893,0,0,0,0,0,Arthropoda,1,Hexanauplia,class,1,Calanoida,order,1,Calanidae,1,Calanus,1,Calanus_finmarchicus,1
240,0,0,0,0,0,0,0,0,0,0,0,0,0,0,0,0,0,0,0,0,0,0,0,0,0,0,0,0,0,0,0,0,0,0,0,0,0,0,0,0,0,0,0,0,0,0,0,0,0,0,0,0,0,0,173,0,0,0,0,0,1245,0,0,0,0,0,0,0,0,0,0,0,488,1573,0,0,0,282,0,0,0,0,0,0,0,0,0,127,0,1707,0,0,0,0,0,0,0,0,0,0,252,0,0,0,0,0,0,0,0,0,0,0,0,0,0,0,0,0,0,0,0,0,0,0,0,0,0,0,0,0,0,0,0,0,0,0,0,0,0,0,0,192,0,0,203,0,0,0,0,0,0,0,0,0,Arthropoda,1,Hexanauplia,class,1,Calanoida,order,1,Calanidae,1,Calanus,1,Calanus_finmarchicus,1
260,0,0,0,0,0,0,0,0,0,0,0,0,0,0,0,0,0,0,0,0,0,0,0,0,0,0,0,0,0,0,0,0,0,0,0,0,0,0,0,0,0,0,0,0,0,0,0,0,0,0,0,0,0,0,0,0,0,0,0,0,0,0,0,0,0,0,0,0,0,0,0,0,0,0,0,0,0,0,0,3267,0,0,0,0,0,0,0,0,0,0,0,0,0,0,0,0,0,0,0,0,0,0,0,0,0,0,0,0,0,0,0,0,0,0,0,0,0,0,0,0,0,0,0,0,0,0,0,0,0,0,0,0,0,0,0,0,0,0,0,0,0,0,0,0,0,0,0,0,0,0,0,0,0,0,Arthropoda,1,Hexanauplia,class,1,Calanoida,order,1,Centropagidae,1,Centropages,1,Centropages_hamatus,1
276,0,0,0,0,0,0,0,0,0,0,0,0,0,0,0,0,0,0,0,0,0,0,0,0,0,0,0,0,0,0,0,0,0,0,0,0,0,0,0,0,80,0,74,0,0,0,0,0,0,0,0,0,0,0,0,0,0,40,0,0,0,0,0,0,0,0,0,0,0,0,0,0,0,0,0,0,0,0,0,0,0,0,0,0,0,0,0,0,0,0,0,0,0,0,0,0,16,0,0,0,0,0,12,0,0,0,0,59,0,55,13,48,0,0,0,0,0,0,0,0,0,0,0,0,0,0,0,0,0,0,0,0,0,215,0,0,0,0,0,0,0,0,0,0,0,0,5,4,0,0,0,0,0,0,Annelida,1,Polychaeta,class,1,Terebellida,order,1,Terebellidae,1,Thelepus,1,Thelepus_cincinnatus,1
298,0,0,0,0,0,0,0,0,0,0,0,0,0,0,0,0,0,0,0,0,0,0,0,0,0,0,0,0,0,0,0,0,0,0,0,107,199,0,0,0,0,0,0,0,0,0,0,0,0,0,97,0,0,0,0,0,0,0,0,0,0,7,0,0,0,0,0,0,0,0,0,0,0,0,0,0,0,0,0,0,0,0,0,0,0,0,0,0,0,0,0,0,0,0,0,0,0,0,0,0,0,0,0,0,0,0,0,0,0,0,0,0,0,0,0,0,0,11,0,0,0,0,0,0,0,0,0,14,0,0,0,0,0,0,0,0,0,0,0,0,0,0,0,0,0,0,0,0,0,0,0,0,0,0,Annelida,1,Polychaeta,class,1,Eunicida,order,1,Onuphidae,1,Nothria,1,Nothria_conchylega_CMC02,1
300,0,0,7,29,0,0,0,0,0,0,0,0,0,35,52,15,0,16,0,0,0,0,0,0,0,16,19,0,0,0,0,0,0,0,0,27,18,0,0,0,0,9,0,0,66,12,0,0,0,0,0,0,0,0,0,0,0,0,0,0,0,0,0,0,0,0,0,34,0,0,0,0,0,0,0,0,0,0,0,0,0,0,26,0,0,0,4,0,15,7,0,0,0,0,0,0,0,0,0,12,0,0,124,0,0,0,0,0,0,0,10,0,0,0,0,0,0,0,0,0,10,0,0,0,0,0,0,0,0,0,0,0,0,0,0,0,31,0,0,0,0,0,0,0,59,0,0,0,0,0,0,12,0,0,Chordata,1,Mammalia,class,1,Primates,order,1,Hominidae,1,Homo,1,Homo_sapiens,1
310,0,0,0,0,0,0,0,0,0,0,0,0,0,0,0,0,0,0,0,0,0,0,0,0,0,0,0,0,0,0,0,0,0,0,0,0,0,0,0,0,0,0,0,0,0,0,0,0,0,0,0,0,0,28,0,0,58,0,0,0,11,0,0,0,112,241,88,0,0,0,0,0,0,0,0,0,0,0,0,20,0,16,0,9,26,0,0,31,47,0,0,0,0,0,0,0,13,0,0,0,0,0,0,0,0,0,0,9,0,0,0,0,0,0,0,0,0,0,0,0,0,0,0,0,0,0,0,0,0,0,0,0,0,0,12,19,0,0,0,0,0,0,0,0,0,38,0,50,0,0,0,0,0,0,Annelida,1,Polychaeta,class,1,Sabellida,order,1,Sabellidae,1,Pseudopotamilla,1,Pseudopotamilla_reniformis,1
311,0,0,0,0,0,0,0,0,0,0,0,0,0,0,0,0,0,0,0,0,0,0,0,0,0,0,0,0,0,0,0,0,0,0,0,24,0,0,0,0,0,0,0,0,22,0,0,0,32,0,0,0,0,0,0,0,0,0,0,45,0,0,0,0,0,0,0,0,0,0,0,0,0,0,0,0,0,0,0,0,0,0,7,0,0,0,0,0,0,0,0,0,0,0,0,0,0,0,0,0,0,0,0,0,0,0,0,26,0,8,0,29,8,0,0,0,0,0,0,19,0,0,0,154,0,0,27,0,0,0,0,0,0,0,0,0,0,0,0,0,0,0,0,0,0,0,0,0,0,0,0,0,0,0,Echinodermata,1,Asteroidea,class,1,Velatida,order,1,Pterasteridae,1,Pteraster,1,Pteraster_militaris,1
346,0,0,0,0,0,0,0,0,0,0,0,0,0,0,0,0,0,0,0,0,0,0,0,0,0,0,0,0,0,0,141,130,0,36,0,5,0,0,0,0,0,0,0,0,0,0,0,0,0,0,0,0,0,0,0,0,0,0,0,0,0,0,0,0,0,0,0,0,0,0,0,0,0,0,0,0,0,0,0,0,0,0,0,0,0,0,0,0,0,0,0,0,0,0,0,0,0,0,0,0,0,0,0,0,0,0,0,0,0,0,0,0,0,0,0,0,0,0,0,0,14,0,14,31,12,7,0,0,0,0,0,0,0,0,0,0,0,0,0,0,0,0,0,0,0,0,0,0,0,0,0,0,0,0,Mollusca,1,Bivalvia,class,1,Nuculanida,order,1,Yoldiidae,1,Yoldiella,1,Yoldiella_frigida,1
350,0,0,0,0,0,0,0,0,0,0,0,0,0,0,0,0,0,0,0,0,0,0,0,0,0,0,0,0,0,0,114,90,273,532,0,0,0,0,0,0,0,0,0,0,0,0,0,0,0,0,0,0,0,0,0,0,0,0,0,0,0,0,0,0,0,0,0,0,0,0,0,0,0,0,0,0,0,0,0,0,0,0,0,0,0,0,0,0,0,0,0,0,0,0,0,0,0,0,0,0,0,0,0,0,0,0,0,0,0,0,0,0,0,0,0,0,0,0,0,0,0,0,0,0,0,0,0,0,0,0,0,0,0,0,0,0,0,0,0,0,0,0,0,0,0,0,0,0,0,0,0,0,0,0,Annelida,0.99,Polychaeta,class,0.99,Phyllodocida,order,0.99,Pholoidae,0.99,Pholoe,0.99,Pholoe_pallida,0.99
351,0,0,0,0,0,0,0,0,0,0,0,0,0,0,0,0,0,0,0,0,0,0,0,0,0,0,0,0,0,0,262,131,392,947,0,0,0,0,0,0,0,0,0,0,0,0,0,0,0,0,0,0,0,0,0,0,0,0,0,0,0,0,0,0,0,0,0,0,0,0,0,0,0,0,0,0,0,0,0,0,0,0,0,0,0,0,0,0,0,0,0,0,0,0,0,0,0,0,0,0,0,0,0,0,0,0,0,0,0,0,0,0,0,0,0,0,0,0,0,0,0,0,0,0,0,0,0,0,0,0,0,0,0,0,0,0,0,0,0,0,0,0,0,0,0,0,0,0,0,0,0,0,0,0,Annelida,0.99,Polychaeta,class,0.99,Phyllodocida,order,0.99,Pholoidae,0.99,Pholoe,0.99,Pholoe_pallida,0.99
359,0,0,0,0,0,0,0,0,0,0,0,0,0,0,0,0,0,0,0,0,0,0,0,0,0,0,0,0,0,0,0,0,0,0,0,0,0,0,0,0,0,0,0,0,0,0,0,0,0,0,0,0,0,0,0,0,0,0,0,0,0,0,0,0,0,0,0,0,0,0,0,0,0,0,0,0,48,146,57,0,89,0,0,0,39,0,0,0,0,0,0,0,0,0,0,0,0,0,0,0,0,0,0,0,0,0,0,0,0,0,0,0,0,0,0,0,0,0,0,0,0,0,0,0,0,0,0,0,0,0,0,0,0,0,0,0,0,0,0,0,0,0,0,0,0,0,0,0,0,0,0,0,0,0,Annelida,1,Polychaeta,class,1,Terebellida,order,1,Terebellidae,1,Thelepus,1,Thelepus_cincinnatus,1
361,0,0,0,0,0,0,0,0,0,0,0,0,0,0,0,0,0,0,0,0,0,0,0,0,0,0,0,0,0,0,0,0,0,0,0,28,59,95,112,74,0,78,0,77,251,3,16,0,75,0,0,0,101,75,81,25,50,0,144,122,72,845,271,269,0,27,0,0,0,0,0,0,0,49,0,47,0,0,0,0,0,22,32,0,0,0,38,0,0,0,0,0,0,0,0,0,0,0,0,891,452,14,0,30,65,0,0,0,174,0,0,0,185,0,125,210,178,34,49,76,0,0,0,0,0,0,0,0,0,0,114,26,54,0,556,371,0,0,110,84,75,38,63,0,0,0,0,0,21,0,43,131,26,108,Annelida,1,Polychaeta,class,1,Terebellida,order,1,Terebellidae,1,Thelepus,1,Thelepus_cincinnatus,1
378,0,0,0,0,0,0,0,0,0,0,0,0,0,0,0,0,0,0,0,0,0,0,0,0,0,0,0,0,0,0,0,0,0,0,0,0,0,70,0,0,0,13,123,47,68,0,0,44,0,0,0,0,0,0,0,0,0,0,0,0,0,0,0,0,0,0,0,0,31,0,0,0,0,0,0,6,0,0,0,0,0,0,0,0,0,0,0,0,0,0,0,0,0,0,0,0,0,0,0,0,0,0,0,0,0,0,0,0,0,0,0,0,0,0,14,0,0,113,0,0,43,120,0,0,0,17,0,0,19,0,0,0,0,0,0,0,0,0,0,0,0,0,0,0,0,0,0,0,0,0,0,0,0,0,Annelida,1,Polychaeta,class,1,Spionida,order,1,Spionidae,1,Laonice,1,Laonice_cirrata,1
403,0,0,0,0,0,0,0,0,0,0,0,0,0,0,0,0,0,0,0,0,0,0,0,0,0,0,0,0,0,0,0,0,0,0,0,0,0,0,0,0,0,0,0,0,0,0,0,0,0,0,0,0,0,0,0,0,0,0,0,0,0,0,0,0,0,0,0,0,0,0,0,0,0,0,0,0,0,0,0,0,0,0,0,0,0,0,586,0,0,0,0,0,0,0,0,0,0,0,0,0,0,0,0,0,0,0,0,0,0,0,0,0,0,0,0,0,0,0,0,0,0,0,0,0,0,0,0,0,0,0,0,0,0,0,0,0,0,0,0,0,0,0,0,0,0,0,0,0,0,0,0,0,0,0,Arthropoda,1,Hexanauplia,class,1,Calanoida,order,1,Clausocalanidae,1,Pseudocalanus,1,Pseudocalanus_acuspes,1
435,0,0,0,0,0,0,0,0,0,0,0,0,0,0,0,0,0,0,0,0,0,0,0,0,0,0,0,0,27959,0,0,0,0,0,0,0,0,0,0,0,0,0,0,0,0,0,0,0,0,0,0,0,0,0,0,0,0,0,0,0,0,0,0,0,0,0,0,0,0,0,0,0,0,0,0,0,0,0,0,0,0,0,0,0,0,0,0,0,0,0,0,2,0,0,0,0,0,0,0,8,0,0,0,0,0,0,0,0,0,0,0,0,8,0,0,0,0,0,0,0,0,0,0,0,0,0,0,0,0,0,0,0,0,0,0,0,0,0,0,0,0,0,0,0,0,0,0,0,0,0,0,0,0,0,Arthropoda,1,Hexanauplia,class,1,Calanoida,order,1,Euchaetidae,1,Paraeuchaeta,1,Paraeuchaeta_norvegica,1
445,0,0,0,0,0,0,0,0,0,0,0,0,0,0,0,0,0,0,0,0,0,0,0,0,0,0,0,0,0,0,0,0,0,0,0,0,0,0,0,0,0,0,0,0,0,0,0,0,0,0,0,0,0,0,0,0,0,0,0,0,0,0,0,0,0,0,0,0,0,0,0,0,0,0,0,0,0,0,0,0,0,0,0,0,0,0,0,0,0,0,0,0,0,0,0,0,0,0,0,0,0,0,0,0,0,0,0,0,0,0,0,0,0,0,0,0,0,0,0,0,0,0,25933,0,0,0,0,0,0,0,0,0,0,0,0,0,0,0,0,0,0,0,0,0,0,0,0,0,0,0,0,0,0,0,Arthropoda,1,Hexanauplia,class,1,Siphonostomatoida,order,1,Asterocheridae,1,Asterocheres,1,Asterocheres_lilljeborgi,1
447,0,0,0,0,0,0,0,0,0,0,0,0,0,0,0,0,0,0,0,0,0,0,0,0,0,0,0,0,0,0,38137,875,280,155,0,0,0,0,0,0,0,0,0,0,0,0,0,0,74,35,8,0,0,0,0,0,0,0,0,0,0,0,14,0,0,0,0,0,0,0,0,0,0,0,0,0,0,0,0,0,0,0,0,0,0,0,16,0,0,0,0,0,0,0,0,0,12,0,0,0,0,0,0,0,0,0,0,0,0,19,0,0,0,0,0,0,0,0,0,0,0,0,13,169,91,189,0,0,0,0,0,0,0,0,0,0,0,0,0,0,0,0,0,0,0,0,0,32,0,0,0,0,0,0,Annelida,1,Polychaeta,class,1,Terebellida,order,1,Trichobranchidae,1,Terebellides,1,Terebellides_stroemii_CMC01,1
448,0,0,0,0,0,0,0,0,0,0,0,0,0,0,0,0,0,0,0,0,0,0,0,0,0,79,0,0,0,0,0,135,0,140,0,0,0,0,0,0,0,0,0,0,0,0,0,0,0,0,0,0,0,0,0,0,0,0,0,0,0,0,0,0,0,0,0,0,0,0,0,0,0,0,0,0,0,0,0,0,0,0,0,0,0,0,0,0,0,0,0,0,0,0,0,0,0,0,0,0,0,0,0,0,0,0,0,0,0,0,0,0,0,0,0,0,0,0,0,0,0,0,0,0,0,0,0,0,0,0,0,0,0,0,0,0,0,0,0,0,0,0,0,0,0,0,0,0,0,0,0,0,0,0,Annelida,1,Polychaeta,class,1,Terebellida,order,1,Trichobranchidae,1,Terebellides,1,Terebellides_stroemii_CMC01,1
454,0,0,0,0,0,0,0,0,0,0,0,0,0,0,0,0,0,0,0,0,0,0,0,0,0,0,0,0,0,0,0,0,0,0,0,0,0,0,0,0,6,0,0,0,0,0,0,0,0,0,0,0,0,0,0,0,33,0,0,0,0,0,0,0,200,133,131,0,0,0,0,0,0,0,9,6,4,0,0,0,0,0,5,0,12,6,0,249,221,362,0,0,0,0,0,0,0,0,0,10,0,0,0,0,0,0,0,0,2,0,5,6,0,0,0,0,0,12,0,0,0,0,0,0,0,0,0,0,0,0,20,7,0,0,0,0,0,0,0,0,0,0,0,0,783,23,117,132,231,0,28,73,18,0,Bryozoa,1,Gymnolaemata,class,1,Cheilostomatida,order,1,Bugulidae,1,Dendrobeania,1,Dendrobeania_murrayana,1
469,0,0,0,0,0,0,0,0,0,0,0,0,0,0,0,0,0,0,0,0,0,0,0,0,0,0,0,0,0,0,0,0,0,0,0,0,0,0,0,0,0,0,0,0,0,0,0,0,0,0,0,0,0,0,0,0,0,0,0,0,0,0,0,0,0,0,0,0,0,0,0,0,0,0,0,0,0,0,0,0,0,0,0,0,0,0,0,0,0,0,0,0,0,0,389,0,0,0,0,0,0,0,0,0,0,0,0,0,0,398,0,0,0,0,0,0,0,0,0,0,0,0,0,0,0,0,0,0,0,0,0,0,0,0,0,0,0,0,0,0,50,0,0,0,0,0,0,0,0,0,0,0,0,0,Arthropoda,1,Hexanauplia,class,1,Calanoida,order,1,Centropagidae,1,Centropages,1,Centropages_hamatus,1
470,0,0,0,0,0,0,0,0,0,0,0,0,0,0,0,0,0,0,0,0,0,0,0,0,0,0,0,0,0,0,0,0,0,0,0,0,0,0,0,0,0,0,0,0,0,0,0,0,0,0,0,0,0,0,0,0,0,0,0,0,0,0,0,0,0,0,0,0,0,0,0,0,0,0,0,0,0,0,0,0,0,0,0,0,0,0,0,0,0,0,0,0,0,0,0,0,0,0,0,0,0,0,0,0,0,0,0,0,0,0,0,0,0,0,0,0,0,0,0,0,0,0,0,0,0,0,0,0,0,0,0,370,0,0,0,0,0,0,0,0,0,0,0,0,0,0,0,0,0,0,0,0,0,0,Arthropoda,1,Hexanauplia,class,1,Calanoida,order,1,Centropagidae,1,Centropages,1,Centropages_hamatus,1
471,0,0,0,0,0,0,0,0,0,0,0,0,0,0,0,0,0,0,0,0,0,0,0,0,0,0,0,0,0,0,0,0,0,0,0,0,0,0,0,0,0,0,0,0,0,0,0,0,0,0,0,0,0,0,0,0,0,0,0,0,0,0,0,0,0,0,0,0,0,0,0,0,0,0,0,0,0,0,0,0,0,0,0,0,0,0,0,0,0,0,0,0,0,0,0,0,0,0,0,0,0,0,0,0,0,0,0,2359,0,0,0,0,0,0,0,0,0,0,0,0,0,0,0,0,0,0,0,0,0,0,0,0,0,0,0,0,0,0,0,0,0,0,0,0,0,0,0,0,0,0,0,0,0,0,Arthropoda,1,Hexanauplia,class,1,Calanoida,order,1,Centropagidae,1,Centropages,1,Centropages_hamatus,1
478,0,0,0,0,0,0,0,0,0,0,0,0,0,0,0,0,0,0,0,0,0,0,0,0,0,0,0,0,0,0,0,0,0,0,0,6,0,0,0,17,13,15,11,7,61,0,0,0,0,34,6,0,26,29,28,19,19,0,34,92,33,39,10,0,61,0,21,0,0,0,0,0,15,16,7,33,27,25,10,0,20,23,21,19,17,21,28,5,0,8,0,0,0,0,0,0,0,11,21,0,44,14,29,33,54,0,0,56,79,64,13,26,47,0,288,262,228,136,78,49,0,12,0,0,0,0,4,0,0,0,0,0,0,24,48,48,0,0,0,0,0,0,40,0,6,0,15,5,0,0,0,0,0,0,Echinodermata,1,Holothuroidea,class,1,Dendrochirotida,order,1,Psolidae,1,Psolus,1,Psolus_phantapus,1
487,0,0,0,0,0,0,0,0,0,0,0,0,0,0,0,0,0,0,0,0,0,0,0,0,0,0,0,0,0,0,0,0,0,0,0,0,0,0,0,0,0,0,0,0,0,0,0,0,0,0,0,0,0,0,0,0,0,0,0,0,0,0,0,0,0,0,0,0,0,0,0,0,0,0,0,0,0,0,0,0,0,0,0,0,0,0,0,0,0,0,0,0,0,0,0,0,0,0,0,0,0,0,0,0,0,0,0,0,0,0,0,0,0,0,0,0,0,5,0,0,139,226,338,0,0,13,0,0,0,0,0,0,0,0,0,0,0,0,0,0,0,0,0,0,0,0,0,0,0,0,0,0,0,0,Annelida,1,Polychaeta,class,1,Terebellida,order,1,Sternaspidae,1,Sternaspis,1,Sternaspis_scutata,1
500,0,0,0,0,0,0,0,0,0,0,0,0,0,0,0,0,0,0,0,0,0,0,0,0,0,0,0,0,0,0,0,0,0,0,176,40,15,56,0,0,0,11,0,0,62,0,24,0,239,102,12,0,0,0,0,0,0,0,0,0,0,0,0,0,0,0,0,0,0,0,0,0,0,0,0,0,0,0,0,0,0,0,0,0,0,0,0,0,0,0,0,0,0,0,0,0,0,0,0,0,0,0,0,0,0,0,0,0,0,0,0,0,0,0,0,0,0,66,0,98,259,111,188,126,81,182,0,0,0,0,0,0,0,0,0,0,0,0,0,0,0,0,0,0,0,0,0,0,0,0,0,0,0,0,Annelida,1,Polychaeta,class,1,undef_Polychaeta,order,1,Opheliidae,1,Ophelina,1,Ophelina_acuminata_CMC01,1
507,0,0,0,0,0,0,0,0,0,0,0,0,0,0,0,0,0,0,0,0,0,0,0,0,0,0,0,0,0,0,0,0,0,0,0,0,24,22,34,32,28,20,29,0,79,15,21,0,0,0,0,0,62,43,53,29,28,17,79,142,77,67,9,36,153,110,58,0,0,0,0,0,28,43,17,38,101,35,20,15,102,52,35,50,17,21,24,10,9,0,0,0,0,0,0,0,23,14,24,26,45,16,34,17,21,0,0,38,102,19,0,0,0,0,39,85,48,14,20,34,25,0,23,23,0,15,59,0,23,0,15,0,0,10,36,14,0,0,0,42,4,12,18,0,21,10,34,0,30,0,0,0,0,0,Echinodermata,1,Echinoidea,class,1,Camarodonta,order,1,Strongylocentrotidae,1,Strongylocentrotus,1,Strongylocentrotus_pallidus,1
512,0,0,0,0,0,0,0,0,0,0,0,0,0,0,0,0,0,0,0,0,0,0,0,0,0,0,0,0,0,0,0,0,0,0,0,0,0,0,0,0,11,0,0,0,0,0,0,0,0,0,0,0,0,0,0,0,0,0,0,0,0,0,0,0,21,0,0,0,0,0,0,0,0,0,0,0,0,0,0,0,0,0,0,0,0,0,0,79,89,138,0,0,0,0,0,0,0,0,0,0,0,0,0,0,0,0,0,0,0,0,0,0,0,0,0,0,0,0,0,0,0,0,0,0,0,0,0,0,0,0,0,0,0,0,0,0,0,0,0,0,0,0,0,0,0,0,0,0,28,0,0,0,0,0,Echinodermata,1,Echinoidea,class,1,Camarodonta,order,1,Strongylocentrotidae,1,Strongylocentrotus,1,Strongylocentrotus_droebachiensis,1
517,0,0,0,0,0,0,0,0,0,0,0,0,0,0,0,0,0,0,0,0,0,0,0,0,0,0,0,0,0,0,0,0,0,0,0,0,6,0,0,0,0,0,0,39,0,0,0,0,110,122,11,0,0,0,0,0,0,0,0,0,0,0,0,0,0,0,0,0,0,0,0,0,0,0,0,0,0,0,0,0,0,0,0,0,0,0,0,0,0,0,0,0,0,0,0,0,0,0,0,0,0,0,0,0,0,0,0,0,0,0,0,0,0,0,0,0,0,5,0,0,275,104,208,622,441,1071,21,9,13,0,0,0,0,0,0,0,0,0,0,0,0,0,0,0,0,0,0,0,0,0,0,0,0,0,Echinodermata,1,Holothuroidea,class,1,Molpadida,order,0.99,Molpadiidae,0.99,Molpadia,0.99,Molpadia_intermedia,0.99
522,0,0,0,0,0,0,0,0,0,0,0,0,0,0,0,0,0,0,0,2,0,0,15,0,0,0,0,0,0,0,0,0,0,0,0,0,0,357,8,0,50,154,0,38,9,0,0,0,0,2,0,0,0,0,9,9,0,0,0,0,24,0,0,0,39,9,0,0,125,0,0,0,21,43,121,0,27,0,127,294,115,168,28,8,48,73,88,107,65,100,172,790,176,184,150,333,92,32,381,12,49,21,0,0,0,0,0,0,0,0,0,35,246,0,0,0,0,0,0,0,0,0,0,0,0,0,0,0,0,0,7,6,55,0,0,6,0,0,0,176,0,55,0,0,17,0,426,9,19,0,0,0,0,56,Arthropoda,1,Hexanauplia,class,1,Cyclopoida,order,1,Oithonidae,1,Oithona,1,Oithona_similis,1
528,0,0,0,0,0,0,0,0,0,0,0,0,0,0,0,0,0,0,0,0,0,0,0,0,0,0,0,0,0,0,0,0,0,0,0,0,0,0,0,0,0,0,0,0,0,0,0,0,0,0,0,0,0,0,0,0,869,0,0,2,0,0,0,0,0,0,0,0,0,0,0,0,0,0,0,0,0,0,0,0,0,0,0,0,0,0,0,0,0,0,0,0,0,0,0,0,0,0,0,0,0,0,0,0,0,0,0,0,3,0,0,0,0,0,0,0,0,0,0,0,0,0,0,0,0,0,12,0,0,0,0,0,0,0,0,0,0,0,6,0,0,0,0,0,0,0,0,0,0,0,0,0,0,0,Annelida,1,Polychaeta,class,1,Phyllodocida,order,1,Glyceridae,1,Glycera,1,Glycera_capitata,1
530,0,0,0,0,0,0,0,0,0,0,0,0,0,0,0,0,0,0,0,0,0,0,0,0,0,0,0,0,0,0,0,0,0,0,0,0,0,0,0,0,0,0,0,0,0,0,0,0,0,0,0,0,0,0,0,0,0,0,0,0,0,0,0,0,0,0,0,0,0,0,0,0,0,0,0,0,0,0,679,0,0,0,0,0,0,0,0,0,0,0,0,0,0,0,0,0,0,486,0,0,0,0,0,0,0,0,0,0,0,0,0,0,0,0,0,0,0,0,0,0,0,0,0,0,0,0,0,0,0,0,0,0,0,0,0,0,0,0,0,0,0,5,0,0,0,0,0,0,7,0,0,0,0,0,Annelida,1,Polychaeta,class,1,Phyllodocida,order,1,Glyceridae,1,Glycera,1,Glycera_capitata,1
542,0,0,0,0,0,0,0,0,0,0,0,0,0,0,0,0,0,0,0,0,0,0,0,0,0,0,0,0,0,12,0,0,0,0,0,34,0,0,0,0,0,0,0,0,0,31,0,21,94,63,24,0,0,0,0,0,0,0,6,11,0,0,0,0,0,0,0,0,0,0,0,0,0,0,0,0,0,0,0,0,0,0,0,0,0,0,0,0,0,0,0,0,0,0,0,0,0,0,0,0,0,0,0,0,0,0,0,0,0,0,0,0,0,0,5,0,0,0,0,5,0,20,92,45,26,34,0,0,0,0,0,0,0,0,0,0,0,0,0,0,0,0,0,0,0,0,0,0,0,0,0,0,0,0,Cnidaria,1,Scyphozoa,class,1,Semaeostomeae,order,1,Ulmaridae,1,Phacellophora,1,Phacellophora_camtschatica,1
551,0,0,0,0,0,0,0,0,0,0,0,0,0,0,363,300,0,0,0,0,0,0,0,0,0,0,0,0,0,0,0,0,0,0,0,0,0,0,0,0,0,0,0,0,0,0,0,0,0,0,0,0,0,0,0,0,0,0,0,0,0,0,0,0,0,0,0,0,0,0,0,0,0,0,0,0,0,0,0,0,0,0,0,0,0,0,0,0,0,0,0,0,0,0,0,0,0,0,0,0,0,0,0,0,0,0,0,0,0,0,0,0,0,0,0,0,0,0,0,0,0,0,0,0,0,0,0,0,0,0,0,0,0,0,0,0,0,0,0,0,0,0,0,0,0,0,0,0,0,0,0,0,0,0,Chordata,1,Actinopteri,class,1,Gadiformes,order,1,Merlucciidae,1,Merluccius,1,Merluccius_bilinearis,1
552,0,0,0,0,0,0,0,0,0,0,0,0,0,0,372,0,0,0,0,0,0,0,0,0,0,0,0,0,0,0,0,0,0,0,0,0,0,0,0,0,0,0,0,0,0,0,0,0,0,0,0,0,0,0,0,0,0,0,0,0,0,0,0,0,0,0,0,0,0,0,0,0,0,0,0,0,0,0,0,0,0,0,0,0,0,0,0,0,0,0,0,0,0,0,0,0,0,0,0,0,0,0,0,0,0,0,0,0,0,0,0,0,0,0,0,0,0,0,0,0,0,0,0,0,0,0,0,0,0,0,0,0,0,0,0,0,0,0,0,0,0,0,0,0,0,0,0,0,0,0,0,0,0,0,Chordata,1,Actinopteri,class,1,Gadiformes,order,1,Merlucciidae,1,Merluccius,1,Merluccius_bilinearis,1
553,0,0,0,0,0,0,0,0,0,0,0,0,0,0,9167,7593,0,0,74,32,0,45,61,108,0,0,0,0,0,0,0,0,0,0,0,0,0,0,0,0,0,0,0,0,0,0,0,0,0,0,0,0,0,0,0,0,0,0,0,0,0,0,0,0,0,0,0,0,0,0,0,0,0,0,0,0,0,0,0,0,0,0,0,5,0,0,0,0,0,0,0,0,0,0,0,0,0,0,0,0,0,0,0,0,0,0,0,0,0,0,0,0,0,0,0,5,0,0,0,0,0,0,0,0,0,0,0,0,0,0,0,0,0,0,0,0,0,0,0,0,0,0,0,0,0,0,0,0,0,0,0,0,0,0,Chordata,1,Actinopteri,class,1,Gadiformes,order,1,Merlucciidae,1,Merluccius,1,Merluccius_bilinearis,1
562,0,0,0,0,0,0,0,0,0,0,0,0,0,0,0,0,0,0,0,0,0,0,0,0,0,0,0,0,0,0,0,0,0,0,0,0,0,0,0,0,0,5,17,73,247,9,0,0,0,26,5,0,6,0,0,0,0,0,46,63,23,32,0,24,0,0,0,0,0,0,0,0,0,0,0,0,0,0,0,0,0,0,0,0,0,0,0,0,0,0,0,0,0,0,0,0,0,0,0,0,0,11,0,22,11,0,0,0,0,0,2,0,0,0,5,0,14,0,47,0,92,0,11,37,0,0,5,0,0,0,0,0,0,0,0,0,0,0,0,0,0,0,0,0,0,0,0,0,0,0,0,0,0,0,Annelida,1,Polychaeta,class,1,Terebellida,order,1,Terebellidae,1,Lanassa,1,Lanassa_venusta,1
575,0,0,0,0,0,0,0,0,0,0,0,0,0,0,0,0,0,0,0,0,0,0,0,0,0,0,0,0,0,0,0,0,0,0,0,0,0,0,0,0,0,0,0,0,0,0,0,0,0,0,0,0,0,0,0,0,0,0,0,0,0,0,0,0,0,0,1294,0,0,0,0,0,0,0,0,0,0,0,0,0,0,0,0,0,0,0,0,0,0,0,0,0,0,0,0,0,0,0,0,0,0,0,0,0,0,0,0,0,0,0,0,0,0,0,0,0,0,0,0,0,0,0,0,0,0,0,0,0,0,0,0,0,0,0,0,0,0,0,0,0,0,0,0,0,0,0,0,0,0,0,0,0,0,0,Arthropoda,1,Hexanauplia,class,1,Calanoida,order,1,Clausocalanidae,1,Pseudocalanus,1,Pseudocalanus_newmani,1
578,0,0,0,0,0,0,0,0,0,0,0,0,0,0,0,0,0,0,0,0,0,0,0,0,0,0,0,0,0,0,0,0,0,0,0,0,0,0,0,0,0,0,0,0,0,0,0,0,0,0,0,0,0,0,0,0,0,0,0,0,0,0,0,0,0,0,0,0,0,0,0,0,0,0,0,0,0,0,0,0,0,0,0,0,0,0,0,0,0,0,0,0,0,0,0,0,0,0,0,0,0,0,0,0,0,0,0,0,0,0,0,0,0,0,0,0,0,0,0,0,0,0,0,0,0,0,0,0,0,0,0,0,0,0,0,0,0,0,0,0,0,0,0,0,0,0,0,496,0,0,0,0,0,0,Arthropoda,1,Hexanauplia,class,1,Calanoida,order,1,Clausocalanidae,1,Pseudocalanus,1,Pseudocalanus_newmani,1
579,0,0,0,0,0,0,0,0,0,0,0,0,0,0,0,0,0,0,0,0,0,0,0,0,0,0,0,0,0,0,0,0,0,0,0,0,0,0,0,0,0,0,0,0,0,0,0,0,0,0,0,0,0,0,0,0,0,0,0,0,0,0,0,0,0,0,0,0,0,0,0,0,0,0,0,0,0,0,0,0,0,0,0,0,0,0,0,0,0,0,0,0,0,904,0,0,0,0,0,0,0,0,0,0,0,0,0,0,0,0,0,0,78,0,0,0,0,0,0,0,0,0,0,0,0,0,0,0,0,0,0,0,0,0,0,0,0,0,0,0,0,0,0,0,1308,0,0,0,0,0,0,0,0,0,Arthropoda,1,Hexanauplia,class,1,Calanoida,order,1,Clausocalanidae,1,Pseudocalanus,1,Pseudocalanus_newmani,1
580,0,0,0,0,0,0,0,0,0,0,0,0,0,0,0,0,0,0,0,0,0,0,0,0,0,0,0,0,0,0,0,0,0,0,0,0,0,0,0,0,0,0,0,0,0,0,0,0,0,0,0,0,0,0,0,0,160,0,0,0,0,0,0,0,0,0,0,0,0,0,0,0,0,0,0,0,0,0,0,0,0,0,0,0,0,0,0,0,0,0,0,0,0,0,0,413,0,0,0,5450,0,0,0,0,0,0,0,0,0,0,0,0,0,0,0,0,0,0,0,0,0,0,0,0,0,0,0,0,0,0,0,0,0,0,0,0,0,0,0,0,0,0,0,0,0,0,0,0,0,0,0,0,0,0,Arthropoda,1,Hexanauplia,class,1,Calanoida,order,1,Clausocalanidae,1,Pseudocalanus,1,Pseudocalanus_newmani,1
584,0,0,0,0,0,0,0,0,0,0,0,0,0,0,0,0,0,0,0,0,0,0,0,0,0,0,0,0,0,0,0,0,0,0,0,0,0,0,0,0,0,0,0,0,0,0,0,0,0,0,0,0,0,0,0,0,0,0,0,0,0,0,0,0,0,0,0,0,0,0,0,0,0,0,0,0,0,805,0,0,0,0,0,0,0,0,0,0,0,0,0,0,0,0,0,0,0,0,0,0,0,0,0,0,0,0,0,0,0,0,0,0,0,0,0,0,0,0,0,0,0,0,0,0,0,0,0,0,0,0,0,0,0,0,0,0,0,0,0,0,0,0,0,0,0,0,0,0,0,0,0,0,0,0,Arthropoda,1,Hexanauplia,class,1,Calanoida,order,1,Clausocalanidae,1,Pseudocalanus,1,Pseudocalanus_newmani,1
586,0,0,0,0,0,0,0,0,0,0,0,0,0,0,0,0,0,0,0,0,0,0,0,0,0,0,0,0,0,0,0,0,0,0,0,0,0,0,0,0,0,0,0,0,0,0,0,0,0,0,0,0,0,0,0,0,0,0,0,0,0,0,0,0,0,0,0,0,0,0,0,0,0,0,0,0,0,0,0,0,0,0,0,0,0,0,0,0,0,0,0,0,0,0,0,0,694,0,0,0,0,0,0,0,0,0,0,0,0,0,0,0,0,0,0,0,0,0,0,0,0,0,0,0,0,0,0,0,0,0,0,0,0,0,0,0,0,0,0,0,0,0,0,0,0,0,0,0,0,0,0,0,0,0,Arthropoda,1,Hexanauplia,class,1,Calanoida,order,1,Clausocalanidae,1,Pseudocalanus,1,Pseudocalanus_newmani,1
588,0,0,0,0,0,0,0,0,0,0,0,0,0,0,0,0,0,0,0,0,0,0,0,0,0,0,0,0,0,0,0,0,0,0,0,0,0,0,0,1299,0,0,0,0,0,0,0,0,0,0,0,0,1172,0,0,0,0,0,0,0,0,0,0,0,176,0,0,0,0,0,0,0,254,0,0,0,726,0,0,1063,0,0,0,0,0,0,0,273,76,0,0,0,0,0,0,0,0,0,0,0,4,0,0,0,0,0,0,0,0,0,0,0,0,0,0,0,0,0,0,0,0,0,0,0,0,0,0,0,0,0,0,0,0,0,0,0,0,0,0,122,0,0,0,0,146,0,0,1112,0,0,0,0,0,0,Arthropoda,1,Hexanauplia,class,1,Calanoida,order,1,Centropagidae,1,Centropages,1,Centropages_hamatus,1
589,0,0,0,0,0,0,0,0,0,0,0,0,0,0,0,0,0,0,0,0,0,0,0,0,0,0,0,0,0,0,0,0,0,0,0,0,0,0,0,0,0,0,0,0,0,0,0,0,0,0,0,0,0,0,0,0,0,0,0,0,0,0,0,0,0,0,0,0,0,0,0,0,0,0,0,0,0,0,0,3615,0,0,0,0,0,0,0,0,0,0,0,0,0,0,0,0,0,0,0,0,0,0,0,0,0,0,0,0,0,0,0,0,0,0,0,0,0,0,0,0,0,0,0,0,0,0,0,0,0,0,0,0,0,0,0,0,0,0,0,0,0,0,0,0,0,0,0,0,0,0,0,0,0,0,Arthropoda,1,Hexanauplia,class,1,Calanoida,order,1,Centropagidae,1,Centropages,1,Centropages_hamatus,1
590,0,0,0,0,0,0,0,0,0,0,0,0,0,0,0,0,0,0,0,0,0,0,0,0,0,0,0,0,0,0,0,0,0,0,0,0,0,0,0,0,0,0,0,0,0,0,0,0,0,0,0,0,0,0,0,0,0,0,0,0,0,0,0,0,0,0,0,0,0,0,0,0,0,0,0,0,0,0,0,0,0,0,136,0,0,0,0,0,0,0,0,595,237,0,0,0,0,0,0,0,0,0,0,0,0,0,0,0,0,0,0,0,0,0,0,0,0,0,0,0,0,0,0,0,0,0,0,0,0,0,0,0,0,0,0,0,0,0,17,0,0,8,0,0,0,0,124,0,0,0,0,0,0,0,Arthropoda,1,Hexanauplia,class,1,Calanoida,order,1,Centropagidae,1,Centropages,1,Centropages_hamatus,1
592,0,0,0,0,0,0,0,0,0,0,0,0,0,0,0,0,0,0,0,0,0,0,0,0,0,0,0,0,0,0,0,0,0,0,0,0,0,0,0,0,0,0,0,0,0,0,0,0,0,0,0,0,0,0,0,0,0,0,0,0,0,0,0,6795,0,0,0,0,0,0,0,0,0,65,647,0,225,0,350,2585,0,0,0,0,0,0,100,0,598,0,18,625,100,0,922,60,0,257,132,0,5,13,0,0,0,0,0,0,0,0,0,0,0,0,0,0,0,0,0,0,0,0,0,0,0,0,9,0,0,0,0,0,0,0,130,0,0,0,0,1690,0,0,29,0,292,1063,0,1642,0,0,0,0,0,0,Arthropoda,1,Hexanauplia,class,1,Calanoida,order,1,Centropagidae,1,Centropages,1,Centropages_hamatus,1
595,0,0,0,0,0,0,0,0,0,0,0,0,0,0,0,0,0,0,0,0,0,0,0,0,0,0,0,0,0,0,0,2281,0,0,0,0,0,0,0,0,0,0,0,0,0,0,0,0,0,0,0,0,0,0,0,0,0,0,0,0,0,0,0,0,0,0,0,0,0,0,0,0,0,0,0,0,0,0,0,0,0,0,0,0,0,0,0,0,0,0,0,0,0,0,0,0,0,0,0,0,0,0,0,0,0,0,0,0,0,0,0,0,0,0,0,0,0,0,0,0,0,0,0,0,0,0,0,0,0,0,0,0,0,0,0,0,0,0,0,0,0,0,0,0,0,0,0,0,0,0,0,0,0,0,Arthropoda,1,Hexanauplia,class,1,Calanoida,order,1,Aetideidae,1,Aetideus,1,Aetideus_armatus,1
610,0,0,0,0,0,0,0,0,0,0,0,0,0,0,0,0,0,0,0,0,0,0,0,0,52,0,0,0,0,0,0,0,67,57,28,34,0,5,40,25,35,28,95,35,469,0,43,48,87,48,19,0,204,20,30,40,36,26,8,41,4,26,0,85,11014,263,174,0,19,18,20,0,24,0,7,50,73,27,22,17,41,36,2254,48,23,24,27,12,24,14,0,0,0,0,0,0,30,29,42,66,67,57,274,195,219,0,0,220,477,214,26,121,129,0,292,432,292,313,602,213,92,687,59,64,50,71,88,18,74,0,48,7,24,218,313,148,0,0,0,0,0,0,84,0,179,41,115,136,137,0,0,0,0,0,Echinodermata,1,Echinoidea,class,1,Clypeasteroida,order,1,Echinarachniidae,1,Echinarachnius,1,Echinarachnius_parma,1
612,0,0,0,0,0,0,0,0,0,0,0,0,0,0,0,0,0,0,0,0,0,0,0,0,0,0,0,0,0,0,0,0,0,0,0,0,0,0,0,0,0,0,0,0,0,0,0,0,0,0,0,0,0,0,0,0,0,0,0,0,0,0,0,0,0,0,0,0,0,0,0,7,0,0,0,0,0,0,0,0,0,0,0,0,0,0,0,0,0,0,0,0,0,30622,0,0,0,0,0,0,0,0,0,0,0,0,0,0,0,0,0,0,0,0,0,0,0,0,0,0,0,0,0,0,0,0,0,0,0,0,0,0,0,0,0,0,0,0,0,0,0,0,0,0,0,0,0,0,0,0,0,0,0,0,Echinodermata,1,Echinoidea,class,1,Clypeasteroida,order,1,Echinarachniidae,1,Echinarachnius,1,Echinarachnius_parma,1
617,0,0,0,0,0,0,0,0,0,0,0,0,0,0,0,0,0,0,0,0,0,0,0,0,0,0,0,0,0,0,0,0,0,0,0,0,7,0,0,0,0,0,668,346,1163,0,0,0,0,25,0,0,0,0,0,0,0,0,0,0,0,24,0,39,0,0,0,0,0,0,0,0,0,0,0,0,0,0,0,0,0,0,0,0,0,0,0,0,0,0,0,0,0,0,0,0,0,0,0,0,0,0,0,0,12,0,0,37,23,8,0,0,0,0,71,0,0,0,12,10,32,0,84,0,6,0,44,0,24,0,0,0,0,0,0,0,0,0,0,0,0,0,0,0,0,0,0,0,0,0,0,0,0,0,Annelida,1,Polychaeta,class,1,undef_Polychaeta,order,1,Orbiniidae,1,Scoloplos,1,Scoloplos_acutus,1
623,0,0,0,0,0,0,0,0,0,0,0,0,0,0,0,0,0,0,0,0,0,0,0,0,0,0,0,0,0,0,0,0,0,0,0,0,0,0,0,0,0,0,85,95,455,0,0,0,0,0,0,0,0,0,0,8,0,0,51,43,0,11,0,19,33,47,22,0,0,0,0,0,0,0,0,0,0,0,0,0,0,0,0,0,0,0,0,0,0,0,0,0,0,0,0,0,0,0,0,0,0,0,0,6,0,0,0,0,0,0,0,0,0,0,0,0,4,0,0,0,0,0,0,0,0,0,0,0,0,0,0,0,0,0,0,0,0,0,0,0,0,0,0,0,0,0,0,0,0,0,0,0,0,0,Annelida,0.99,Polychaeta,class,0.99,undef_Polychaeta,order,0.99,Maldanidae,0.99,Clymenella,0.99,Clymenella_zonalis,0.99
628,0,0,0,0,0,0,0,0,0,0,0,0,0,0,0,0,0,0,0,0,0,0,0,0,0,0,0,0,0,0,5137,5221,0,0,0,0,0,0,0,0,0,0,0,0,0,0,0,0,0,0,0,0,0,0,0,0,0,0,0,0,0,0,0,0,0,0,0,0,0,0,0,0,0,0,0,0,0,0,0,0,0,0,0,0,0,0,0,0,0,0,0,0,0,0,0,0,0,0,0,0,0,0,0,0,0,0,0,2,0,0,0,0,0,0,0,0,0,0,0,0,0,0,0,0,0,0,0,0,0,0,0,0,0,0,0,0,0,0,0,0,0,0,0,0,0,0,0,0,0,0,0,0,0,0,Arthropoda,1,Hexanauplia,class,1,Calanoida,order,1,Clausocalanidae,1,Clausocalanus,1,Clausocalanus_lividus,1
632,0,0,0,0,0,0,0,0,0,0,0,0,0,0,0,0,0,0,0,0,0,0,0,0,0,0,0,0,0,0,0,0,0,0,0,0,0,0,0,0,0,0,0,0,0,0,0,0,0,0,0,0,57,195,0,0,0,0,0,0,0,0,0,0,0,0,0,0,0,0,0,0,0,0,0,0,0,0,0,342,0,0,0,0,0,124,0,0,4,0,0,0,0,0,0,0,0,0,0,0,0,0,0,0,0,0,0,0,0,0,0,0,0,0,0,0,0,0,0,0,0,0,0,0,0,0,0,0,0,0,0,0,68,0,0,0,0,0,0,0,0,0,0,0,0,0,0,0,0,0,0,0,0,0,Rotifera,0.99,Eurotatoria,class,0.99,Ploima,order,0.99,Synchaetidae,0.99,Synchaeta,0.99,Synchaeta_triophthalma,0.98
633,0,0,0,0,0,0,0,0,0,0,0,0,0,0,0,0,0,0,0,0,0,0,0,0,0,0,0,0,0,0,0,0,0,0,0,0,0,0,0,0,0,0,0,0,0,0,8,0,0,5,0,0,0,0,0,0,0,0,0,4,0,0,0,0,0,0,0,0,0,0,0,0,0,0,0,0,336,0,0,0,0,0,0,0,0,0,0,0,5,0,0,5,898,0,0,4,0,0,0,0,0,0,0,0,0,0,0,0,0,0,0,0,0,0,0,0,0,0,0,0,0,0,0,0,0,0,0,0,0,0,0,0,0,0,0,0,0,21,10,0,18,681,2,0,4,0,0,52,0,0,0,43,0,0,Arthropoda,1,Branchiopoda,class,1,Diplostraca,order,1,Podonidae,1,Evadne,1,Evadne_nordmanni,1
652,0,0,0,0,0,0,0,0,0,0,0,0,0,0,0,0,0,0,0,0,0,0,0,0,0,0,0,0,0,0,0,0,0,0,0,0,0,0,0,0,0,0,0,0,0,0,0,0,208,174,46,0,0,0,0,0,0,0,0,0,0,0,0,0,0,0,0,0,0,0,0,0,0,0,0,0,0,0,0,0,0,0,0,0,0,0,0,0,0,0,0,0,0,0,0,0,0,0,0,0,0,0,0,0,0,0,0,0,0,0,0,0,0,0,0,0,0,0,0,0,0,0,0,0,0,0,38,0,0,0,0,0,0,0,0,0,0,0,0,0,0,0,0,0,0,0,0,0,0,0,0,0,0,0,Annelida,1,Polychaeta,class,1,Eunicida,order,1,Onuphidae,1,Nothria,1,Nothria_conchylega_CMC02,1
653,0,0,0,0,0,0,0,0,0,0,0,0,0,0,0,0,0,0,0,0,0,0,0,0,0,0,0,0,0,0,0,0,0,0,0,0,0,115,0,0,0,0,0,0,0,0,0,8,471,428,0,0,0,0,0,0,0,0,0,0,0,0,0,0,0,0,0,0,0,0,0,0,0,0,0,0,0,0,0,0,0,0,0,0,0,0,0,0,0,0,0,0,0,0,0,0,0,0,0,0,0,0,0,0,0,0,0,0,0,0,0,0,0,0,0,0,0,0,0,0,0,0,0,69,0,97,159,0,194,0,0,0,0,0,0,0,0,0,0,0,0,0,0,0,0,0,0,0,0,0,0,0,0,0,Annelida,1,Polychaeta,class,1,Eunicida,order,1,Onuphidae,1,Nothria,1,Nothria_conchylega_CMC02,1
656,0,0,0,0,0,0,0,0,58,0,0,0,0,0,0,0,0,0,20,0,0,0,0,0,114,0,0,155,57,124,0,0,0,51,0,0,0,0,0,0,0,0,79,0,0,0,0,70,0,10,0,15,0,0,31,0,0,0,8,6,21,0,0,52,17,0,0,0,18,95,9,467,12,0,0,0,58,0,0,0,12,11,0,0,0,0,0,0,0,0,0,0,0,0,0,0,0,0,0,0,0,0,0,0,0,90,0,0,0,0,0,10,0,24,0,0,0,0,0,0,0,0,0,76,0,51,92,0,0,11,0,0,0,15,0,0,0,293,74,85,62,77,0,239,0,0,0,0,0,0,25,0,50,0,Chordata,1,Mammalia,class,1,Primates,order,1,Hominidae,1,Homo,1,Homo_sapiens,1
662,0,0,0,0,0,0,0,0,0,0,0,0,0,0,0,0,0,0,0,0,0,0,0,0,0,0,0,0,0,0,0,0,0,0,0,240,0,0,0,0,0,0,0,0,0,0,0,0,0,0,0,0,0,0,6,0,0,0,0,0,0,0,0,0,0,0,0,0,0,0,0,0,0,78,0,0,0,0,0,0,0,0,0,0,0,42,0,0,0,0,0,0,0,0,0,0,0,0,0,0,37,0,0,0,0,0,0,99,0,0,0,0,0,0,0,0,0,39,0,0,0,0,0,0,0,0,0,0,9,0,0,0,0,0,0,0,0,0,0,0,0,91,0,0,0,45,0,0,0,0,0,0,0,0,Annelida,1,Polychaeta,class,1,undef_Polychaeta,order,1,Scalibregmatidae,1,Scalibregma,1,Scalibregma_inflatum_CMC03,0.98
664,0,0,0,0,0,0,0,0,0,0,0,0,0,0,0,0,0,0,0,0,0,0,0,0,0,0,0,0,0,0,0,0,0,0,0,0,0,0,0,0,0,0,13,0,0,0,0,0,0,0,0,0,0,0,0,0,0,0,0,0,0,0,0,0,0,0,0,0,0,0,0,0,0,0,19,0,1717,52,0,0,0,0,0,61,0,0,0,0,0,18,0,0,0,0,0,0,0,0,0,0,0,0,0,0,0,0,0,0,0,0,0,0,0,0,0,59,0,0,0,0,0,0,0,14,0,0,0,0,0,0,0,0,0,0,0,0,0,0,0,0,0,0,0,0,878,0,69,0,0,0,0,0,0,0,Annelida,1,Polychaeta,class,1,undef_Polychaeta,order,1,Scalibregmatidae,1,Scalibregma,1,Scalibregma_inflatum_CMC03,0.98
666,0,0,0,0,0,0,0,0,0,0,0,0,0,0,0,0,0,0,0,0,0,0,0,0,0,0,0,0,0,0,0,0,0,0,0,0,0,0,0,0,0,0,0,0,0,0,0,0,0,0,123,0,0,0,0,0,0,0,0,0,0,0,0,0,0,0,0,0,0,0,0,0,0,0,0,0,0,16,0,0,0,0,0,0,0,0,0,0,0,0,0,0,0,0,0,0,0,0,0,0,0,0,0,0,0,0,0,0,0,0,0,0,0,0,0,0,0,0,43,0,0,0,0,0,0,0,250,16,180,0,0,0,0,0,0,0,0,0,0,0,0,0,0,0,0,0,0,0,0,0,0,0,0,0,Annelida,1,Polychaeta,class,1,Terebellida,order,1,Terebellidae,1,Amphitrite,1,Amphitrite_cirrata,1
676,0,0,0,0,0,0,0,0,0,0,0,0,0,0,0,0,0,0,0,0,0,0,0,0,0,0,0,0,0,0,0,0,0,0,0,0,0,0,0,0,7,0,0,0,0,0,0,0,0,0,0,0,15,0,0,163,0,0,0,0,0,0,0,0,0,0,0,0,0,0,0,0,9,0,0,0,29,0,0,0,3,0,0,0,0,0,0,0,0,33,0,0,0,0,0,0,0,7,6,10,28,0,17,17,0,0,0,0,11,0,0,13,6,0,0,18,0,0,0,0,0,0,0,0,0,0,0,0,0,0,0,0,0,0,0,0,0,0,0,0,0,0,0,0,106,0,236,0,30,0,0,54,28,0,Annelida,1,Polychaeta,class,1,Sabellida,order,1,Sabellidae,1,Pseudopotamilla,1,Pseudopotamilla_reniformis,1
681,0,0,0,0,0,0,0,0,0,0,0,0,0,0,0,0,0,0,0,0,0,0,0,0,0,0,0,0,0,0,0,0,0,0,0,0,0,0,0,0,0,0,0,5,0,0,31,0,0,10,8,0,0,0,0,0,0,0,0,0,0,0,0,0,0,0,0,0,0,0,0,0,0,0,0,0,0,0,7,0,0,0,0,0,0,0,0,0,0,0,0,0,0,0,0,0,0,0,0,0,0,0,0,0,0,0,0,0,15,0,0,0,0,0,0,0,0,0,0,0,0,45,68,0,104,381,0,13,144,0,0,0,0,0,0,0,0,0,0,0,0,0,0,0,0,0,0,0,0,0,0,0,0,0,Echinodermata,1,Asteroidea,class,1,Velatida,order,1,Pterasteridae,1,Pteraster,1,Pteraster_militaris,1
683,0,0,0,0,0,0,0,0,0,0,0,0,0,0,0,0,0,0,0,0,0,0,0,0,0,0,0,0,1707,0,0,0,0,0,0,0,0,0,0,0,0,0,0,0,0,0,0,0,0,0,0,0,0,0,0,0,0,0,0,0,0,0,0,0,0,0,0,0,0,0,0,0,0,0,0,0,0,0,0,0,0,0,0,0,0,0,0,0,0,0,0,0,0,0,0,0,0,0,0,0,0,0,0,0,0,0,0,0,0,0,0,0,0,0,0,0,0,0,0,0,0,0,0,0,0,0,0,0,0,0,0,0,0,0,0,0,0,0,0,0,0,0,0,0,0,0,0,0,0,0,0,0,0,0,Arthropoda,1,Hexanauplia,class,1,Calanoida,order,1,Euchaetidae,1,Paraeuchaeta,1,Paraeuchaeta_norvegica,0.99
686,0,0,0,0,0,0,0,0,0,0,0,0,0,0,0,0,0,0,0,0,11102,0,0,0,0,0,0,0,0,0,0,0,0,0,0,0,0,0,0,0,0,0,0,0,0,0,0,0,0,0,0,0,0,0,0,0,0,0,0,0,0,0,0,0,0,0,0,0,0,0,0,0,0,0,0,0,0,0,0,0,0,0,0,0,0,0,0,0,0,0,0,0,0,0,0,0,0,0,0,0,0,0,0,0,0,0,0,0,0,0,0,0,0,0,0,0,0,0,0,0,0,0,0,0,0,0,0,0,0,0,0,0,0,0,0,0,0,0,0,0,0,0,0,0,0,0,0,0,0,0,0,0,0,0,Arthropoda,1,Malacostraca,class,1,Euphausiacea,order,1,Euphausiidae,1,Thysanoessa,1,Thysanoessa_longicaudata,1
690,0,0,0,0,0,0,0,0,0,0,0,0,0,0,0,0,0,0,0,0,0,0,0,0,0,0,0,0,0,0,0,0,0,0,0,0,0,0,0,0,0,0,0,10,76,29,0,0,112,8,0,0,0,0,0,0,0,0,0,0,0,0,0,0,0,0,0,0,0,0,0,0,0,0,0,14,0,0,0,0,0,0,0,0,0,7,0,0,0,0,0,0,0,0,0,0,0,0,0,0,16,0,29,23,0,0,0,14,21,13,0,0,0,0,26,0,8,79,51,41,33,43,21,9,5,0,22,6,37,0,0,0,0,0,0,0,0,0,28,0,0,0,0,0,0,0,0,0,0,0,0,0,0,0,Porifera,1,Demospongiae,class,1,Poecilosclerida,order,1,Crellidae,1,Crella,1,Crella_elegans,1
694,0,0,0,0,0,0,0,0,0,0,0,0,0,0,0,0,0,0,0,0,0,0,0,0,0,0,0,0,0,0,0,0,0,0,0,0,0,0,0,0,0,0,0,0,0,0,0,0,0,0,0,0,0,0,0,0,0,0,0,0,0,0,0,0,0,0,0,0,0,0,0,0,0,0,0,0,0,0,0,0,0,0,0,5,0,0,0,5388,0,0,0,0,0,0,0,0,0,0,0,0,0,0,0,0,0,0,0,0,0,0,0,0,0,0,0,0,0,0,0,0,0,0,0,0,0,0,0,0,0,0,0,0,0,0,0,0,0,0,0,0,0,0,0,0,0,0,0,0,0,0,0,0,0,0,Mollusca,1,Gastropoda,class,1,Nudibranchia,order,1,Dotidae,1,Doto,1,Doto_coronata,1
702,0,0,0,0,0,0,0,0,0,0,0,0,0,0,0,0,0,0,0,0,0,0,0,0,0,0,0,0,0,0,0,0,0,0,0,0,0,0,0,0,0,0,0,0,0,0,0,0,0,0,0,0,0,0,0,0,0,0,0,0,0,0,0,0,0,0,0,0,0,0,0,0,0,0,0,0,0,0,0,0,0,0,0,0,0,0,0,0,0,0,0,0,0,0,0,0,0,0,0,0,0,0,0,0,0,0,0,0,0,0,0,0,0,0,0,0,0,0,0,0,0,0,0,0,0,0,0,0,0,0,0,4747,0,0,0,0,0,0,0,0,0,0,0,0,0,0,0,0,0,0,0,0,0,0,Echinodermata,1,Ophiuroidea,class,1,Amphilepidida,order,1,Ophiactidae,1,Ophiopholis,1,Ophiopholis_aculeata,1
719,0,0,0,0,0,0,0,0,0,0,0,0,0,0,0,0,0,0,0,0,0,0,0,0,0,0,0,0,0,0,0,0,0,0,0,0,0,0,0,0,0,0,0,0,0,0,61,78,0,17,0,0,0,12,19,0,0,0,0,0,16,0,0,5,83,57,53,0,0,95,0,0,0,0,14,0,0,0,5,11,0,9,0,0,0,0,0,0,4,0,0,0,0,0,0,0,0,0,0,9,0,6,0,0,0,0,0,0,0,10,0,0,0,0,0,6,16,31,0,6,0,0,122,82,55,62,325,0,0,0,0,0,0,0,0,10,0,0,0,33,0,0,0,0,0,0,0,7,84,0,0,555,4,0,Cnidaria,1,Scyphozoa,class,1,Semaeostomeae,order,1,Ulmaridae,1,Aurelia,1,Aurelia_aurita,1
725,0,0,0,0,0,0,0,0,0,0,0,0,0,0,0,0,0,0,0,0,0,0,0,0,0,0,0,0,0,0,0,0,0,0,0,25,0,0,0,0,0,0,0,0,0,0,0,0,0,0,0,0,0,0,0,19497,0,0,0,0,0,0,0,0,0,0,0,0,0,0,44,0,0,31,0,0,12,0,0,0,7,0,0,0,0,0,0,0,0,0,0,0,0,0,0,0,0,0,0,0,0,0,0,0,0,0,0,0,0,0,0,0,11,0,17,0,0,0,0,0,0,0,0,0,0,0,0,0,0,0,0,0,0,0,0,0,0,0,0,0,0,17,0,0,0,0,0,0,0,0,0,0,0,0,Cnidaria,1,Scyphozoa,class,1,Semaeostomeae,order,1,Ulmaridae,1,Aurelia,1,Aurelia_aurita,1
729,0,0,0,0,0,0,0,0,0,0,0,0,0,0,0,0,0,0,0,0,0,0,0,0,0,0,0,0,0,0,0,0,0,0,0,0,0,0,0,0,0,0,0,0,0,0,0,0,0,0,0,0,0,0,0,0,0,0,0,0,0,0,0,0,63,48,47,0,0,0,0,0,0,0,0,0,0,0,0,0,0,0,0,0,0,0,0,43,18,28,0,0,0,0,0,0,0,0,0,0,0,0,0,0,0,0,0,0,0,0,6,15,15,0,0,0,0,0,13,0,0,0,0,0,0,0,0,0,0,0,0,0,0,0,0,0,0,0,13,0,0,0,8,0,16,0,0,8,2,0,32,73,4,0,Rhodophyta,1,Florideophyceae,class,1,Hapalidiales,order,1,Hapalidiaceae,1,Lithothamnion,1,Lithothamnion_glaciale,1
768,0,0,0,0,0,0,0,0,0,0,0,0,0,0,0,0,0,0,0,0,0,0,0,0,0,0,0,0,0,0,0,4,1212,1309,12,0,0,0,0,0,0,0,0,13,18,0,0,0,0,8,0,0,0,0,0,0,0,0,0,0,0,0,0,0,0,0,0,0,0,0,0,0,0,0,0,0,0,0,0,0,0,0,0,0,0,2,0,0,0,0,0,0,0,0,0,0,0,0,0,0,0,0,0,0,0,0,0,0,0,0,0,0,0,0,7,42,14,283,151,95,712,215,429,389,351,573,258,0,103,0,0,0,0,15,34,25,0,0,0,0,0,0,0,0,0,0,0,0,0,0,0,0,0,0,Annelida,1,Polychaeta,class,1,Terebellida,order,1,Melinnidae,1,Melinna,1,Melinna_heterodonta,1
798,0,0,0,0,0,0,0,0,0,0,0,0,0,0,0,0,0,0,0,0,0,0,0,0,0,0,0,0,0,0,0,0,0,0,0,0,0,0,0,0,0,0,0,0,0,0,0,0,0,0,0,0,0,18,0,13,0,0,0,54,0,0,0,0,0,30,51,0,0,0,0,0,0,0,0,21,17,0,0,0,0,16,0,20,9,0,0,0,12,0,0,0,0,0,0,0,0,0,0,0,0,0,30,15,15,0,0,26,13,34,0,0,0,0,0,20,0,0,0,0,0,0,0,0,0,0,0,0,0,0,0,0,0,0,0,0,0,0,14,20,0,0,0,0,0,0,0,0,0,0,0,0,0,0,Porifera,1,Demospongiae,class,1,Suberitida,order,1,Halichondriidae,1,Halichondria,1,Halichondria_panicea,1
807,0,0,0,0,0,0,0,0,0,0,0,0,0,0,0,0,0,0,0,0,0,0,0,0,0,0,0,0,0,0,0,0,0,0,0,0,0,7,0,0,0,0,0,0,0,0,0,0,256,196,50,0,0,0,0,0,0,0,0,0,0,0,0,0,0,0,0,0,0,0,0,0,0,0,0,0,0,0,0,0,0,0,0,0,0,0,0,0,0,0,0,0,0,0,0,0,0,0,0,0,0,0,0,0,0,0,0,0,0,0,0,0,0,0,0,0,0,0,11,0,0,0,0,0,4,10,0,0,0,0,0,0,0,0,0,0,0,0,0,0,0,0,0,0,0,0,0,0,0,0,0,0,0,0,Annelida,1,Polychaeta,class,1,Terebellida,order,1,Ampharetidae,1,Lysippe,1,Lysippe_labiata,1
810,0,0,0,0,0,0,0,0,0,0,0,0,0,0,10,0,0,0,40,38,51,32,0,0,150,0,0,0,257,71,9,0,0,0,0,0,0,0,0,0,0,0,0,0,0,0,0,0,0,0,0,0,0,0,0,0,0,0,0,0,0,0,0,0,0,0,0,0,0,0,0,0,0,0,0,0,0,0,0,0,0,0,0,0,0,0,0,0,0,0,0,0,0,0,0,0,0,0,0,0,0,0,0,0,0,0,0,0,0,0,0,0,0,0,0,0,0,0,0,0,0,0,0,0,0,0,0,0,0,0,0,0,0,0,0,0,0,0,0,0,0,0,0,0,0,0,0,0,0,0,0,0,0,0,Cnidaria,1,Hydrozoa,class,1,Trachymedusae,order,1,Rhopalonematidae,1,Pantachogon,1,Pantachogon_haeckeli,1
813,16,0,0,0,0,0,0,0,0,0,0,0,0,0,0,6,0,0,0,0,0,0,0,0,0,0,0,0,0,0,0,0,0,0,0,0,0,0,0,0,0,0,0,0,0,0,0,0,0,0,0,0,0,0,0,0,0,0,0,0,0,0,0,0,0,0,0,0,0,0,0,12,0,0,0,0,0,0,0,0,11,0,0,0,0,0,0,0,0,0,0,0,0,11524,0,0,0,0,0,0,0,0,0,0,0,0,0,0,0,0,0,0,0,0,0,0,0,0,0,0,0,0,0,0,0,0,0,0,0,0,0,0,0,0,0,0,0,0,0,0,0,0,0,0,0,0,0,0,0,0,0,0,0,0,Arthropoda,1,Malacostraca,class,1,Euphausiacea,order,1,Euphausiidae,1,Meganyctiphanes,1,Meganyctiphanes_norvegica,1
815,0,0,0,0,7,0,0,0,0,0,0,0,0,0,0,0,0,0,0,0,0,0,0,0,0,0,0,0,0,19,16,0,0,0,6,0,0,0,5,7,0,0,0,0,0,0,10,0,22,0,0,0,0,3,0,0,0,0,0,15,0,3,0,0,14,129,6,0,6,14,17,0,0,0,0,0,0,18,0,4,0,0,0,0,0,0,0,8,11,0,11,14,18472,21399,11864,35,0,13,0,0,8,0,0,0,8,0,0,0,3,0,0,0,0,13,0,0,18,0,0,0,0,0,169,0,0,0,13,0,0,0,0,0,3,0,10,0,0,0,0,8,30,10,0,0,0,0,0,8,0,0,0,0,8,0,Arthropoda,1,Malacostraca,class,1,Euphausiacea,order,1,Euphausiidae,1,Meganyctiphanes,1,Meganyctiphanes_norvegica,1
824,0,0,0,0,0,0,0,0,0,0,0,0,0,0,0,0,0,0,0,0,0,0,0,0,0,0,0,0,0,0,0,0,0,0,0,0,0,0,0,0,0,0,0,0,0,0,0,0,0,0,0,0,0,0,0,0,0,0,0,0,0,0,0,0,0,0,0,0,0,0,0,0,0,0,0,0,0,0,0,0,0,0,0,0,0,0,0,0,0,0,0,0,601,0,0,0,0,0,0,0,0,0,0,0,0,0,0,0,0,0,0,0,5,0,0,0,0,0,0,0,0,0,0,0,0,0,0,0,0,0,0,0,0,0,0,0,0,0,0,0,0,0,0,0,0,0,0,0,0,0,0,0,0,0,Arthropoda,1,Malacostraca,class,1,Euphausiacea,order,1,Euphausiidae,1,Meganyctiphanes,1,Meganyctiphanes_norvegica,1
834,0,0,0,0,0,0,0,0,0,0,0,0,0,0,0,0,0,0,0,0,0,0,0,0,0,0,0,0,0,0,0,0,0,0,0,0,0,0,0,0,0,0,0,0,0,0,0,0,0,0,0,0,14,0,5,6,11,0,0,0,0,0,0,0,120,172,49,0,0,0,0,0,0,7,0,0,0,0,0,0,4,0,0,0,5,0,0,97,89,176,0,0,0,0,0,0,0,0,0,8,0,0,0,0,0,0,0,0,0,0,3,0,0,0,0,0,9,0,5,0,0,0,0,0,0,0,0,0,0,0,0,0,0,0,0,0,0,0,0,0,0,0,0,0,0,0,0,0,0,0,0,0,0,0,Cnidaria,1,Hydrozoa,class,1,Leptothecata,order,1,Obeliidae,1,Obelia,1,Obelia_geniculata,1
876,0,0,0,0,0,0,0,0,0,0,0,0,0,0,0,0,0,0,0,0,0,0,0,0,0,0,0,0,0,0,0,0,0,0,0,0,15,0,0,0,0,0,397,244,537,0,51,0,204,121,41,0,0,0,0,0,24,0,0,0,0,120,0,0,0,0,0,0,0,0,0,0,0,0,0,0,0,0,0,0,0,0,11,0,0,0,0,0,0,0,0,0,0,0,0,0,0,0,0,0,0,0,0,0,0,0,0,0,0,0,0,0,0,0,60,66,0,90,160,126,553,386,189,338,302,448,0,0,0,0,0,0,0,0,0,0,0,0,60,0,0,0,0,0,0,0,0,8,0,0,0,0,0,0,Annelida,1,Polychaeta,class,1,Terebellida,order,1,Terebellidae,1,Proclea,1,Proclea_malmgreni,1
881,0,0,0,0,0,0,0,0,0,0,0,0,0,0,0,0,0,0,0,0,0,0,0,0,0,0,0,0,0,0,0,0,0,0,0,0,0,95,0,11,0,0,1068,678,2323,259,89,150,582,301,0,0,0,0,0,10,0,0,119,205,396,240,114,263,0,0,0,0,0,0,0,0,0,0,0,0,0,0,0,0,0,0,0,0,0,0,0,0,0,0,0,0,0,0,0,0,0,0,0,0,14,0,57,25,37,0,0,103,0,0,0,0,13,0,115,120,143,277,265,0,765,1178,667,490,407,688,225,41,270,0,0,0,0,20,41,0,0,0,0,0,0,0,0,0,0,0,0,0,0,0,0,79,0,0,Annelida,1,Polychaeta,class,1,Terebellida,order,1,Terebellidae,1,Proclea,1,Proclea_malmgreni,1
882,0,0,0,0,0,0,0,0,0,0,0,0,0,0,0,0,0,0,0,0,0,0,0,0,0,0,0,0,0,0,0,0,0,0,0,0,0,0,39,0,0,0,293,205,413,0,0,0,0,116,0,0,0,0,0,0,0,0,0,0,0,0,0,0,0,0,0,0,0,0,0,0,0,0,0,0,0,0,0,0,0,0,0,0,0,0,0,0,0,0,0,0,0,0,0,0,0,0,0,0,0,0,0,0,0,0,0,0,60,0,0,0,0,0,0,0,0,0,0,0,0,366,113,159,145,278,0,0,0,0,0,0,0,0,0,0,0,0,0,0,0,0,0,0,0,0,0,0,0,0,0,0,0,0,Annelida,1,Polychaeta,class,1,Terebellida,order,1,Terebellidae,1,Proclea,1,Proclea_malmgreni,1
894,0,0,0,0,0,0,0,0,0,0,0,0,0,0,0,0,0,0,0,0,0,0,0,0,0,0,0,0,0,0,0,0,0,0,0,0,0,4,10,0,539,434,0,0,0,0,0,0,0,0,0,0,0,0,0,0,0,0,0,0,0,0,0,0,0,0,0,0,0,0,0,0,0,0,0,0,0,0,7,0,0,0,0,0,23,0,0,0,0,0,0,0,0,0,0,0,0,0,0,16,0,0,0,0,0,0,0,0,0,0,0,0,0,0,0,0,0,0,0,0,0,0,0,0,0,0,0,0,0,0,0,0,0,0,0,0,0,0,0,0,0,0,0,0,0,0,0,0,0,0,0,0,0,0,Mollusca,1,Bivalvia,class,1,Nuculanida,order,1,Yoldiidae,1,Yoldia,1,Yoldia_scissurata,1
896,0,0,0,0,0,0,0,0,0,0,0,0,0,0,0,0,0,0,0,0,0,0,0,0,0,0,0,0,0,0,0,0,0,0,0,0,0,0,0,0,0,207,0,0,0,0,0,0,0,0,0,0,18,41,17,10,0,0,9,0,12,17,0,0,0,0,0,0,0,0,0,0,8,6,0,14,6,9,0,0,0,18,0,0,0,7,19,0,0,0,0,0,0,0,0,0,6,0,0,0,15,0,17,0,5,0,0,34,22,14,0,0,0,0,0,0,0,0,0,0,0,0,0,0,0,0,0,0,0,0,0,0,0,0,0,0,0,0,0,0,0,0,0,0,0,0,0,0,0,0,0,0,0,0,Mollusca,1,Bivalvia,class,1,Nuculanida,order,1,Yoldiidae,1,Yoldia,1,Yoldia_scissurata,1
904,0,2,0,0,0,0,0,0,0,0,0,0,0,0,0,0,0,0,0,0,0,0,0,0,0,0,0,0,0,0,0,0,0,0,0,0,0,0,0,0,0,0,0,0,0,0,0,0,0,0,0,0,0,0,0,0,0,0,0,0,0,0,0,0,12469,0,0,0,0,0,0,0,0,0,0,0,0,0,0,0,0,0,0,0,0,0,0,0,0,0,0,0,0,0,0,0,0,0,0,7,0,0,0,0,0,0,0,0,0,0,0,0,0,0,0,0,0,0,0,0,0,0,0,0,0,0,0,0,0,0,0,0,0,0,0,0,0,0,0,0,0,0,0,0,0,0,0,0,0,0,0,0,0,0,Arthropoda,1,Hexanauplia,class,1,Calanoida,order,1,Tortanidae,1,Tortanus,1,Tortanus_discaudatus,1
905,0,0,0,0,0,0,0,0,0,0,0,0,0,0,0,0,0,0,0,0,0,0,0,0,0,0,0,0,0,0,0,0,0,0,0,0,0,0,0,0,0,0,0,0,0,0,0,0,0,0,0,0,0,0,0,0,0,0,0,0,0,0,0,0,252,4038,0,0,0,0,0,0,0,0,0,0,12,0,0,0,0,0,19,0,0,0,2913,0,0,0,0,0,0,0,0,0,0,0,0,0,0,0,0,0,0,0,0,0,0,0,0,0,0,0,0,0,0,0,0,0,0,0,0,0,0,0,0,0,0,0,0,0,752,0,0,0,0,0,0,0,0,0,0,0,0,0,0,4,0,0,0,0,0,0,Arthropoda,1,Hexanauplia,class,1,Calanoida,order,1,Tortanidae,1,Tortanus,1,Tortanus_discaudatus,1
908,0,0,0,0,0,0,0,0,0,0,0,0,0,0,0,0,0,0,0,0,0,0,0,0,0,0,0,0,0,0,0,0,0,0,0,0,0,0,0,0,0,8,0,0,5,0,0,0,7,4,0,0,0,13,0,11,0,0,15,44,0,0,0,0,9,0,10,0,0,0,0,0,0,12,3,0,5,7,0,9,0,0,10,0,0,0,0,0,0,0,0,0,0,0,0,0,0,0,0,0,9,0,0,9,6,0,0,15,28,18,0,0,0,0,7,0,0,0,0,6,0,0,0,0,0,0,0,0,0,0,0,0,0,0,0,7,0,0,0,16,0,0,0,0,14,6,0,0,0,0,68,60,14,0,Annelida,1,Polychaeta,class,1,undef_Polychaeta,order,1,Maldanidae,1,Nicomache_genus,1,Nicomache_minor,1
911,0,0,0,0,0,0,0,0,0,0,0,0,0,0,0,0,0,0,0,0,20,0,0,0,0,0,0,0,0,0,0,0,0,0,0,0,0,0,0,30,0,0,0,0,0,7,0,0,0,0,0,0,5,0,63,0,0,0,9,12,0,14,0,0,13,0,8,0,0,0,0,0,0,0,0,6,0,6,14,0,0,6,0,0,0,9,0,0,0,0,0,0,0,0,0,0,0,0,0,5,0,0,17,0,0,0,0,7,0,0,0,0,12,0,32,10,0,0,0,0,0,0,36,0,0,0,0,0,0,0,0,0,0,10,0,0,0,0,0,8,0,0,0,0,0,0,8,0,0,0,0,0,0,0,Echinodermata,1,Asteroidea,class,1,Forcipulatida,order,1,Asteriidae,1,Leptasterias,1,Leptasterias_littoralis,1
919,0,0,0,0,0,0,0,0,0,0,0,0,0,0,0,0,0,0,0,0,0,0,0,0,0,0,0,0,0,0,0,0,0,0,0,0,0,0,0,0,0,0,0,0,0,0,0,0,0,0,0,0,0,0,0,0,63,0,0,0,0,0,0,0,2,0,0,0,0,0,0,0,0,2,0,0,0,0,3167,0,0,0,0,0,0,0,9,0,0,0,0,0,0,0,0,0,0,0,0,533,1163,0,0,4,0,0,0,0,0,0,0,0,0,0,0,0,0,0,0,0,0,0,0,0,0,0,0,0,0,0,0,0,0,0,0,0,0,0,0,0,0,0,0,0,0,0,0,0,0,0,0,0,0,0,Annelida,1,Polychaeta,class,1,Phyllodocida,order,1,Phyllodocidae,1,Phyllodoce_segmented_worms,1,Phyllodoce_groenlandica_CMC01,1
936,0,0,0,0,0,0,0,0,0,0,0,0,0,0,0,0,0,0,0,0,0,0,0,0,0,0,0,0,0,0,0,0,0,0,0,0,9,0,125,85,0,33,0,0,0,0,0,0,0,0,0,0,0,6,13,0,0,5,45,79,31,54,18,57,0,9,0,0,0,0,0,0,73,35,30,84,83,66,30,21,36,16,12,14,58,69,35,7,0,6,0,0,0,0,0,0,18,0,15,23,24,10,77,56,36,0,0,76,115,92,0,33,15,0,205,211,151,126,110,99,0,0,0,0,0,0,0,0,4,0,10,0,7,30,43,29,0,0,75,88,50,0,0,0,0,0,9,0,52,0,0,104,0,26,Echinodermata,1,Asteroidea,class,1,Forcipulatida,order,1,Asteriidae,1,Leptasterias,1,Leptasterias_polaris,1
939,0,0,0,0,0,0,0,0,0,0,0,0,0,0,0,0,0,0,0,0,0,0,0,0,0,0,0,0,0,0,0,0,555,664,0,0,0,0,0,0,0,0,0,0,0,0,0,0,0,0,0,0,0,0,0,0,0,0,0,0,0,0,0,0,0,0,0,0,0,0,0,0,0,0,0,0,0,0,0,0,0,0,0,0,0,0,0,0,0,0,0,0,0,0,0,0,0,0,0,0,0,0,0,0,0,0,0,0,0,0,0,0,0,0,0,0,0,0,0,0,0,0,0,0,0,0,0,0,0,0,0,0,0,0,0,0,0,0,0,0,0,0,0,0,0,0,0,0,0,0,0,0,0,0,Annelida,1,Polychaeta,class,1,Terebellida,order,1,Trichobranchidae,1,Terebellides,1,Terebellides_williamsae,1
944,0,0,0,0,0,0,0,0,0,0,0,0,0,0,0,0,0,0,0,0,0,0,0,0,0,0,0,0,0,0,0,0,0,0,0,0,0,0,0,0,0,0,0,0,0,0,0,0,0,0,0,0,0,0,0,0,0,0,0,0,50,0,0,0,0,0,0,0,0,0,0,0,0,34,1193,0,0,0,0,0,0,0,0,0,3,0,32,82,0,0,0,0,0,0,0,0,0,0,0,0,0,2,0,85,0,0,0,0,0,0,0,0,0,0,0,0,0,0,0,0,0,0,0,0,0,0,0,0,0,0,0,0,0,0,0,0,0,0,0,0,0,0,0,0,0,0,0,0,0,0,0,0,0,0,Rotifera,1,Eurotatoria,class,1,Ploima,order,1,Synchaetidae,1,Synchaeta,1,Synchaeta_vorax,1
946,0,0,0,0,0,0,0,0,0,0,0,0,0,0,0,0,0,0,0,0,0,0,0,0,0,0,0,0,0,0,0,0,0,0,0,0,0,0,0,0,0,0,0,0,0,0,0,0,0,0,0,0,0,0,0,0,0,0,0,0,0,0,0,0,0,0,0,0,0,0,0,0,0,0,0,0,0,0,0,0,0,0,0,0,0,0,0,0,0,0,0,0,0,0,0,0,0,0,0,0,0,0,0,0,0,0,0,0,0,0,0,0,0,0,0,0,0,0,0,0,0,0,0,0,0,0,0,0,0,0,0,0,370,0,0,0,0,0,0,0,0,0,0,0,0,0,0,0,0,0,0,0,0,0,Rotifera,1,Eurotatoria,class,1,Ploima,order,1,Synchaetidae,1,Synchaeta,1,Synchaeta_vorax,1
947,0,0,0,0,0,0,0,0,0,0,0,0,0,0,0,0,0,0,0,0,0,0,0,0,0,0,0,0,0,0,0,0,0,0,0,0,0,0,0,0,0,0,0,0,0,0,0,0,0,0,0,0,0,0,0,0,0,0,0,0,0,0,0,0,0,0,0,0,0,0,0,0,0,0,0,0,0,55,0,0,19,5,0,0,0,584,0,0,0,0,0,0,0,0,0,0,6,0,0,0,0,0,0,0,0,0,0,0,0,0,0,4,536,0,0,0,0,0,0,0,0,0,0,0,0,0,0,0,0,0,0,0,0,16,0,0,0,0,0,0,0,0,0,0,0,0,0,0,0,0,0,0,0,0,Rotifera,1,Eurotatoria,class,1,Ploima,order,1,Synchaetidae,1,Synchaeta,1,Synchaeta_vorax,1
969,0,0,0,0,0,0,0,0,0,0,0,0,0,0,0,114,0,0,0,0,91,0,0,0,0,0,0,0,0,0,0,0,0,0,0,0,0,0,0,0,0,0,0,0,0,0,1336,0,0,0,0,0,0,0,0,0,0,0,0,0,0,0,0,0,0,0,0,0,0,0,0,0,0,0,0,0,0,0,0,0,0,0,0,0,0,0,0,0,0,2,0,0,0,0,0,0,0,0,38,0,0,0,0,0,0,0,0,0,0,0,0,0,0,0,0,0,0,0,0,0,0,0,0,0,0,0,0,0,0,0,0,0,0,0,0,0,0,0,0,0,0,0,0,0,0,0,0,0,0,0,0,0,0,0,Arthropoda,1,Hexanauplia,class,1,Calanoida,order,1,Metridinidae,1,Metridia,1,Metridia_lucens,1
977,0,0,0,0,0,0,0,0,0,0,0,0,0,0,0,0,0,0,0,0,0,0,0,0,0,0,0,0,0,0,0,0,0,0,0,0,22,0,18,0,49,27,0,0,0,0,0,0,0,0,0,0,34,22,31,15,16,0,0,0,7,0,0,6,34,32,42,0,0,0,0,0,0,18,0,29,19,22,27,17,36,8,0,5,41,33,26,221,217,325,37,0,40,0,0,0,24,31,24,34,0,0,0,0,0,0,0,0,0,4,0,0,6,0,0,0,9,7,0,0,0,0,0,0,0,0,0,0,0,0,52,13,36,0,0,0,0,0,0,0,0,0,0,0,0,0,0,0,0,0,0,0,0,0,Chlorophyta,1,Mamiellophyceae,class,1,Mamiellales,order,1,Mamiellaceae,1,Micromonas_green_algae,1,Micromonas_pusilla,1
978,0,0,0,0,0,0,0,0,0,0,0,0,0,0,41,52,0,0,7,8,0,8,184,200,0,0,0,0,0,0,0,0,0,0,0,0,0,0,0,0,237,219,0,0,0,0,0,0,0,0,0,0,0,0,0,0,0,0,0,0,0,0,0,0,24,0,0,0,21,0,31,0,0,0,0,0,0,0,0,0,0,0,0,0,0,0,0,32,58,43,36,27,44,28,0,31,0,0,0,0,0,0,0,0,0,0,0,0,0,0,0,0,0,0,0,0,0,0,0,0,0,0,2,0,0,0,0,0,0,0,0,0,0,0,0,0,0,0,0,0,8,0,0,0,0,0,0,0,0,0,0,0,0,36,Chlorophyta,1,Mamiellophyceae,class,1,Mamiellales,order,1,Mamiellaceae,1,Micromonas_green_algae,1,Micromonas_pusilla,1
981,0,0,0,0,0,0,0,0,0,0,0,0,0,0,0,0,0,0,0,0,0,0,0,0,0,0,0,0,0,0,0,0,0,0,0,0,0,0,0,0,280,0,0,0,0,0,0,0,0,0,0,0,0,0,0,0,0,908,0,0,0,0,0,0,0,0,0,0,1075,0,0,0,0,0,0,0,0,0,0,0,0,0,0,0,0,0,0,1001,0,0,0,1013,0,0,803,0,0,0,0,0,0,0,0,0,0,0,0,0,0,0,0,0,0,0,0,0,0,0,0,0,0,0,0,0,0,0,0,0,0,0,0,0,0,0,0,0,0,0,0,0,0,0,0,0,0,0,0,0,0,0,0,0,0,0,Arthropoda,1,Hexanauplia,class,1,Calanoida,order,1,Temoridae,1,Temora,1,Temora_longicornis,1
982,0,0,0,0,0,0,0,0,0,0,0,0,0,0,0,0,0,0,0,0,0,0,0,0,0,0,0,0,0,0,0,0,0,0,0,0,0,0,0,0,0,0,0,0,0,0,0,0,0,0,0,0,0,0,0,0,336,0,0,0,0,0,0,0,1030,0,0,0,0,0,0,0,0,0,0,0,0,0,371,0,0,0,0,0,0,355,155,0,659,0,929,0,4180,0,0,136,0,0,0,0,0,0,0,0,0,0,0,0,0,0,0,0,0,0,0,0,0,0,0,0,0,0,0,0,0,0,0,0,0,0,0,0,0,0,0,0,0,0,0,0,0,0,0,0,0,0,0,0,0,0,0,0,0,0,Arthropoda,1,Hexanauplia,class,1,Calanoida,order,1,Temoridae,1,Temora,1,Temora_longicornis,1
985,0,0,0,0,0,0,0,0,0,0,0,0,0,0,0,0,0,0,0,0,0,0,0,0,0,0,0,0,0,0,0,0,0,0,0,0,0,0,0,0,0,0,0,0,0,0,0,0,0,0,0,0,26,18,0,0,0,0,0,0,46,1377,0,0,0,0,0,0,0,0,0,0,0,211,0,0,0,0,0,0,181,429,169,0,0,0,0,247,0,32,0,1282,232,203,341,0,0,0,218,0,0,0,0,0,0,0,0,395,0,0,0,0,0,0,0,0,0,0,0,0,0,0,0,0,0,0,0,0,0,0,0,0,0,0,0,0,0,0,0,0,0,0,0,0,0,0,348,19,0,0,0,0,0,0,Arthropoda,1,Hexanauplia,class,1,Calanoida,order,1,Temoridae,1,Temora,1,Temora_longicornis,1
986,0,0,0,0,0,0,0,0,0,0,0,0,0,0,0,0,0,0,0,0,0,0,0,0,0,12,960,334,0,0,0,0,0,0,0,0,0,0,0,0,0,0,0,0,0,0,0,0,0,0,0,0,0,0,0,0,0,0,0,0,0,0,0,0,0,0,0,0,0,0,0,0,0,0,0,0,0,0,0,0,0,0,0,0,0,0,0,0,0,0,0,0,0,0,0,0,0,0,0,0,0,0,0,0,0,0,0,0,0,0,0,0,0,0,0,0,0,0,0,0,0,0,0,0,0,0,0,0,0,0,0,0,0,0,0,0,0,0,0,0,0,0,0,0,0,0,0,0,0,0,0,0,0,0,Echinodermata,1,Crinoidea,class,1,Comatulida,order,1,Antedonidae,0.99,Solanometra,0.98,Solanometra_antarctica,0.98
990,0,0,0,0,0,0,0,0,0,0,0,0,0,0,0,0,0,0,0,0,0,0,0,0,0,0,0,0,0,0,0,0,0,0,0,0,0,0,0,0,0,0,0,0,0,0,0,0,0,0,0,0,0,0,0,0,0,0,0,0,0,0,0,350,0,0,0,0,0,0,0,0,0,0,0,0,0,0,0,0,0,0,0,0,0,0,0,0,0,0,0,0,0,0,0,0,0,0,0,0,0,0,0,0,0,0,0,0,0,0,0,0,0,0,0,0,0,0,0,0,0,0,0,0,0,0,0,0,0,0,0,0,0,0,0,0,0,0,0,157,81,0,115,0,0,0,0,0,0,0,0,0,0,0,Echinodermata,1,Ophiuroidea,class,1,Amphilepidida,order,1,Ophiactidae,1,Ophiopholis,1,Ophiopholis_aculeata,1
991,0,0,0,0,0,0,0,0,0,0,0,0,0,0,0,0,0,0,0,0,0,0,0,0,0,0,0,0,0,0,0,0,0,0,0,0,0,0,0,0,0,0,0,0,0,0,0,0,0,0,0,0,0,0,0,0,0,0,0,0,0,0,0,0,0,0,0,0,0,0,0,0,0,0,0,0,0,0,0,0,0,0,0,0,0,0,0,0,0,0,0,0,0,0,0,0,5266,0,0,0,0,0,0,0,0,0,0,0,0,0,0,0,0,0,0,0,0,0,0,0,0,0,0,0,0,0,0,0,0,0,0,0,0,0,0,0,0,0,0,0,0,0,0,0,0,0,0,0,0,0,0,0,0,0,Echinodermata,1,Ophiuroidea,class,1,Amphilepidida,order,1,Ophiactidae,1,Ophiopholis,1,Ophiopholis_aculeata,1
992,0,0,0,0,0,0,0,0,0,0,0,0,0,0,0,0,0,0,0,0,0,0,0,0,0,0,0,0,0,0,0,0,0,0,0,0,0,0,0,0,0,0,0,0,0,0,0,0,0,0,0,0,0,0,0,0,0,0,0,0,0,0,0,0,0,0,0,0,0,0,0,0,0,0,0,0,0,0,0,0,0,0,0,0,0,0,0,0,0,0,0,0,5998,0,0,0,0,0,0,0,0,0,0,0,0,0,0,0,0,0,0,0,0,0,0,0,0,0,0,0,0,0,0,0,0,0,0,0,0,0,0,0,0,0,0,0,0,0,0,0,0,0,0,0,0,0,0,0,0,0,0,0,0,0,Echinodermata,1,Ophiuroidea,class,1,Amphilepidida,order,1,Ophiactidae,1,Ophiopholis,1,Ophiopholis_aculeata,1
993,0,0,0,0,0,0,0,0,0,0,0,0,0,0,0,0,0,0,0,0,0,0,0,0,0,0,0,0,0,0,0,0,0,0,0,0,0,0,0,0,0,0,0,0,0,0,0,0,0,0,0,0,0,0,0,0,0,0,0,0,0,0,0,0,0,0,0,0,0,0,0,0,0,0,0,0,0,0,0,0,0,0,0,0,0,0,0,0,0,0,0,0,0,0,0,0,0,0,0,0,0,0,0,0,0,0,0,0,0,0,0,0,0,0,0,0,0,0,0,0,0,0,0,0,0,0,0,0,0,0,0,0,0,0,0,0,0,0,0,0,987,0,0,0,0,0,0,0,0,0,0,0,0,0,Echinodermata,1,Ophiuroidea,class,1,Amphilepidida,order,1,Ophiactidae,1,Ophiopholis,1,Ophiopholis_aculeata,1
998,0,0,0,0,0,0,0,0,0,0,0,0,0,0,0,0,0,0,0,0,0,0,0,0,0,0,0,0,0,0,0,0,0,0,0,0,0,0,0,115,0,0,0,0,0,0,0,0,48,0,0,0,0,0,0,0,0,0,0,0,0,0,0,0,0,0,0,0,0,0,0,0,0,0,0,0,0,0,0,0,0,0,0,0,0,0,0,0,0,0,0,0,0,0,0,0,0,0,0,0,0,0,0,0,0,0,0,0,0,0,0,0,0,0,0,0,0,0,0,0,0,0,0,0,0,0,0,0,0,0,146,0,0,0,0,0,0,0,8564,200,264,112,243,0,164,154,0,198,163,0,0,0,0,0,Echinodermata,1,Ophiuroidea,class,1,Amphilepidida,order,1,Ophiactidae,1,Ophiopholis,1,Ophiopholis_aculeata,1
1004,0,0,0,0,0,0,0,0,0,0,0,0,0,0,0,0,0,0,0,0,0,0,0,0,0,0,0,0,0,0,0,0,0,0,0,0,0,0,0,0,0,0,0,0,0,0,0,0,0,0,0,0,0,0,0,0,0,0,0,0,0,0,0,0,0,0,0,0,0,0,0,0,0,0,0,0,0,0,0,0,0,0,0,0,0,0,0,0,0,0,0,0,0,0,0,0,0,0,0,0,0,0,0,0,0,0,0,0,0,0,0,0,0,0,0,0,0,0,0,0,0,0,0,0,0,0,0,0,0,0,0,0,0,0,0,0,0,0,0,0,0,0,534,0,0,0,0,0,0,0,0,0,0,0,Echinodermata,1,Ophiuroidea,class,1,Amphilepidida,order,1,Ophiactidae,1,Ophiopholis,1,Ophiopholis_aculeata,1
1005,0,0,0,0,0,0,0,0,0,0,0,0,0,0,0,0,0,0,0,0,0,0,0,0,0,0,0,0,0,0,0,0,0,0,0,0,0,0,0,0,0,0,0,0,0,0,0,0,0,0,0,0,0,0,0,0,0,0,0,0,0,0,0,0,0,0,0,0,0,0,0,0,0,0,0,0,0,0,0,0,0,0,0,0,0,0,0,0,0,0,0,0,0,0,0,0,0,0,0,0,0,0,0,0,0,0,0,0,0,0,0,0,0,0,0,0,0,0,0,0,0,0,0,0,0,0,0,0,0,0,0,0,0,0,0,0,0,0,0,0,0,0,0,0,0,0,0,2572,0,0,0,0,0,0,Echinodermata,1,Ophiuroidea,class,1,Amphilepidida,order,1,Ophiactidae,1,Ophiopholis,1,Ophiopholis_aculeata,1
1008,0,0,0,0,0,0,0,0,0,0,0,0,0,0,0,0,0,0,0,0,0,0,0,0,0,0,0,0,0,0,0,0,0,0,0,0,0,0,0,0,0,0,0,0,0,0,0,0,0,0,0,0,14,15,0,0,0,0,0,0,6,17,0,3,15,0,0,0,0,0,0,0,0,0,0,0,0,0,0,0,0,0,10,0,0,0,0,0,0,0,0,0,0,0,0,0,42,0,0,0,0,0,0,0,20,0,0,0,0,0,0,0,0,0,0,0,0,0,0,0,0,0,0,0,0,0,0,0,0,0,73,16,29,13,0,0,0,0,97,10,7,0,19,0,100,32,107,75,79,0,0,0,0,0,Echinodermata,1,Ophiuroidea,class,1,Amphilepidida,order,1,Ophiactidae,1,Ophiopholis,1,Ophiopholis_aculeata,1
1011,0,0,0,0,0,0,0,0,0,0,0,0,0,0,0,0,0,0,0,0,0,0,0,0,0,0,0,0,0,0,0,0,0,0,0,0,74,0,185,142,0,249,0,0,139,0,0,0,0,0,0,0,671,967,1208,778,382,262,0,483,263,548,0,744,395,593,38667,0,0,0,0,0,146,133,150,19005,251,288,0,134,99,178,175,128,13092,100,0,141,127,134,0,3815,0,0,0,21,221,209,1200,5928,542,4024,147,149,248,0,0,161,202,86,0,0,0,0,105,120,0,0,0,0,0,0,0,0,0,50,126,0,0,0,5724,970,24174,409,965,6441,0,0,4625,4370,4242,2529,10795,0,4390,2504,18183,4629,4315,0,0,71,19,0,Echinodermata,1,Ophiuroidea,class,1,Amphilepidida,order,1,Ophiactidae,1,Ophiopholis,1,Ophiopholis_aculeata,1
1014,0,0,0,0,0,0,0,0,0,0,0,0,0,0,0,0,0,0,0,0,0,0,0,0,0,0,0,0,0,0,0,0,0,0,0,0,0,0,0,0,0,0,0,0,0,0,0,0,0,0,0,0,0,0,0,0,0,0,0,0,0,0,0,0,0,0,0,0,0,0,0,0,0,0,0,0,0,0,0,0,0,0,0,0,0,0,0,0,0,0,0,0,0,0,0,0,0,0,0,0,0,0,0,0,0,0,0,0,0,0,0,0,0,0,0,0,0,0,0,0,0,0,0,0,0,0,0,0,0,0,0,0,0,0,0,6662,0,0,0,0,0,0,0,0,0,0,0,0,0,0,0,0,0,0,Echinodermata,1,Ophiuroidea,class,1,Amphilepidida,order,1,Ophiactidae,1,Ophiopholis,1,Ophiopholis_aculeata,1
1021,0,0,0,0,0,0,0,0,0,0,0,0,0,0,0,0,0,0,0,0,0,0,0,0,0,0,0,0,0,0,0,0,0,0,0,0,0,0,0,0,0,0,0,0,0,0,0,0,0,0,0,0,0,27,0,0,0,0,0,0,0,0,0,0,0,0,0,0,0,0,0,0,0,0,0,0,0,0,0,0,0,0,0,0,0,0,0,0,0,0,0,0,0,0,0,0,0,0,0,0,0,0,0,0,0,0,0,0,0,0,0,0,0,0,0,0,0,0,0,0,0,0,0,0,0,0,0,0,0,0,88,0,0,0,0,0,0,0,0,122,92,0,0,0,115,0,114,0,0,0,0,0,0,0,Echinodermata,1,Ophiuroidea,class,1,Amphilepidida,order,1,Ophiactidae,1,Ophiopholis,1,Ophiopholis_aculeata,1
1022,0,0,0,0,0,0,0,0,0,0,0,0,0,0,0,0,0,0,0,0,0,0,0,0,11,0,0,0,0,0,0,0,0,0,0,0,0,0,0,0,79,78,0,0,0,0,0,31,0,0,0,0,257,377,279,212,180,131,163,234,153,216,103,215,21775,237,0,0,0,0,0,0,94,59,0,0,102,0,118,59,58,86,0,64,0,43,2180,60,70,0,0,0,0,0,0,0,85,95,122,143,199,163,55,64,0,0,0,0,0,0,0,0,0,0,67,54,43,0,0,0,0,0,24,0,0,0,106,0,0,0,1487,1554,1441,214,429,0,0,0,2202,2141,1512,6047,1292,0,1903,993,1892,19902,2218,0,0,0,0,0,Echinodermata,1,Ophiuroidea,class,1,Amphilepidida,order,1,Ophiactidae,1,Ophiopholis,1,Ophiopholis_aculeata,1
1027,0,0,0,0,0,0,0,0,0,0,0,0,0,0,0,0,0,0,0,0,0,0,0,0,0,0,17,0,0,0,0,0,0,0,0,0,0,0,0,0,0,0,27,0,0,0,0,0,0,0,0,0,175,169,179,102,0,73,0,114,71,115,0,164,122,94,0,0,0,0,0,0,0,0,0,0,0,0,0,119,0,0,0,0,0,57,0,0,0,0,0,0,0,0,0,0,40,0,0,102,169,0,0,0,0,0,0,0,0,0,0,0,16,0,0,0,30,0,65,0,0,0,0,0,0,0,0,0,0,0,900,236,8788,130,145,0,0,0,983,1290,1294,700,788,0,1122,444,1115,775,1269,0,0,0,0,0,Echinodermata,1,Ophiuroidea,class,1,Amphilepidida,order,1,Ophiactidae,1,Ophiopholis,1,Ophiopholis_aculeata,1
1029,0,0,0,0,0,0,0,0,0,0,0,0,0,0,0,0,0,0,0,0,0,0,0,0,0,0,0,0,0,0,0,0,0,0,0,0,0,0,0,0,0,0,0,0,0,0,0,0,0,0,0,0,53,0,0,0,0,0,0,21,0,0,352,0,0,0,0,0,0,0,0,0,0,0,0,0,0,0,0,0,0,0,0,0,0,0,0,0,0,0,0,0,0,0,0,0,0,0,0,0,0,0,0,0,0,0,0,0,0,0,0,0,0,0,0,0,0,0,0,0,0,0,0,0,0,0,0,0,0,0,42,0,163,0,19,0,0,0,63,203,64,39,13,0,80,64,58,93,101,0,0,0,0,0,Echinodermata,1,Ophiuroidea,class,1,Amphilepidida,order,1,Ophiactidae,1,Ophiopholis,1,Ophiopholis_aculeata,1
1031,0,0,0,0,0,0,0,0,0,0,0,0,0,0,0,0,0,0,0,0,0,0,0,0,0,0,0,0,0,0,0,0,0,0,0,0,0,0,0,0,0,0,0,0,0,0,0,0,0,0,0,0,0,0,0,0,0,0,0,0,0,0,0,0,0,0,0,0,0,0,0,0,0,0,0,0,0,0,0,0,0,0,0,0,0,0,0,0,0,0,0,0,0,0,0,0,0,0,0,0,0,0,0,0,0,0,0,0,0,0,0,0,0,0,0,0,0,0,0,39,0,0,0,0,0,0,0,0,0,0,0,0,8250,0,0,0,0,0,106,199,0,0,0,0,0,0,82,0,0,0,0,0,0,0,Echinodermata,1,Ophiuroidea,class,1,Amphilepidida,order,1,Ophiactidae,1,Ophiopholis,1,Ophiopholis_aculeata,1
1035,0,0,0,0,0,0,0,0,0,0,0,0,0,0,0,0,0,0,0,0,0,0,0,0,0,0,0,0,0,0,0,0,0,11,0,0,0,0,0,0,0,0,0,0,0,0,89,0,0,0,0,0,283,325,321,148,174,106,146,176,141,317,5288,263,214,154,121,0,0,0,0,0,70,89,0,0,135,0,0,75,97,78,84,38,0,0,0,0,0,0,0,0,0,0,0,0,6015,95,0,240,226,142,0,0,0,0,0,0,77,0,0,70,48,0,110,44,0,0,0,0,0,0,43,0,0,0,127,0,0,0,11793,473,830,8672,241,415,0,0,1559,1582,1568,895,1030,0,1486,5000,1569,15359,16903,0,0,0,0,0,Echinodermata,1,Ophiuroidea,class,1,Amphilepidida,order,1,Ophiactidae,1,Ophiopholis,1,Ophiopholis_aculeata,1
1036,0,0,0,0,0,0,0,0,0,0,0,0,0,0,0,0,0,0,0,0,0,0,0,21,0,0,0,0,0,0,0,0,0,0,0,0,57,0,153,221,185,206,0,59,59,0,0,0,0,0,18,0,350,373,308,191,249,84,116,170,131,244,0,331,249,158,208,0,0,0,0,0,93,107,160,5891,142,233,26854,0,92,93,101,64,0,89,92,90,156,154,4841,0,0,0,0,0,0,186,4860,294,274,254,106,125,145,0,0,104,123,97,0,0,0,0,0,95,82,0,0,0,115,0,0,0,0,0,0,44,81,0,6667,6204,11251,234,419,11670,0,0,2305,9222,2303,1280,1948,0,2093,1381,2064,2405,2713,0,0,124,0,0,Echinodermata,1,Ophiuroidea,class,1,Amphilepidida,order,1,Ophiactidae,1,Ophiopholis,1,Ophiopholis_aculeata,1
1037,0,0,0,0,0,0,0,0,0,0,0,0,0,0,0,0,0,0,0,0,0,0,0,0,0,0,0,0,0,0,0,0,0,0,0,0,0,0,0,0,0,0,0,0,0,0,0,0,0,0,0,0,0,0,0,0,0,0,0,0,0,0,0,0,0,0,0,0,0,0,0,0,0,0,0,0,0,0,0,0,0,0,0,0,0,0,0,0,0,0,0,0,0,0,0,0,0,0,0,0,0,0,0,0,0,0,0,0,0,0,0,0,0,0,0,0,0,0,0,0,0,0,0,0,0,0,0,0,0,0,0,0,9009,0,0,0,0,0,0,0,0,0,0,0,0,0,0,0,0,0,0,0,0,0,Echinodermata,1,Ophiuroidea,class,1,Amphilepidida,order,1,Ophiactidae,1,Ophiopholis,1,Ophiopholis_aculeata,1
1038,0,0,0,0,0,0,0,0,0,0,0,0,0,0,0,0,0,0,0,0,0,0,0,0,0,0,0,0,0,0,0,0,0,0,0,0,0,0,0,0,0,0,0,0,0,0,0,0,0,0,0,0,0,0,0,0,0,0,0,0,0,2652,0,0,0,0,0,0,0,0,0,0,0,0,0,0,0,0,0,0,0,0,0,0,0,0,0,0,0,0,0,0,0,0,0,0,0,0,0,0,0,0,0,0,0,0,0,0,0,0,0,0,0,0,0,0,0,0,0,0,0,0,0,0,0,0,0,0,0,0,0,0,0,0,0,0,0,0,0,0,0,0,0,0,0,0,0,0,0,0,0,0,0,0,Echinodermata,1,Ophiuroidea,class,1,Amphilepidida,order,1,Ophiactidae,1,Ophiopholis,1,Ophiopholis_aculeata,1
1039,0,0,0,0,0,0,0,0,0,0,0,0,0,0,0,0,0,0,0,0,0,0,0,0,0,0,0,0,0,0,0,0,0,0,0,0,0,0,0,0,0,0,0,0,0,0,0,0,0,0,0,0,0,0,0,0,0,0,0,0,0,0,0,0,0,0,0,0,0,0,0,0,0,0,0,0,0,0,0,0,0,0,0,0,0,0,0,0,0,0,0,0,0,0,0,0,0,0,0,0,0,0,0,0,0,0,0,0,0,0,0,0,0,0,0,0,0,0,0,0,0,0,0,0,0,0,0,0,0,0,3409,0,0,0,0,0,0,0,0,0,0,0,0,0,0,0,0,0,0,0,0,0,0,0,Echinodermata,1,Ophiuroidea,class,1,Amphilepidida,order,1,Ophiactidae,1,Ophiopholis,1,Ophiopholis_aculeata,1
1041,0,0,0,0,0,0,0,0,0,0,0,0,0,0,0,0,0,0,0,0,0,0,0,0,0,0,0,0,0,0,0,0,0,0,0,0,0,0,0,0,0,0,0,0,0,0,0,0,0,0,0,0,0,0,0,0,0,0,0,0,0,0,0,0,0,0,0,0,0,0,0,0,0,0,0,0,0,0,0,0,0,0,0,0,0,0,0,0,0,0,0,0,0,0,0,0,0,0,0,0,0,0,0,0,0,0,0,0,0,0,0,0,0,0,0,0,0,0,0,0,0,0,0,0,0,0,0,0,0,0,4131,0,0,0,0,0,0,0,0,0,0,0,0,0,0,0,0,0,0,0,0,0,0,0,Echinodermata,1,Ophiuroidea,class,1,Amphilepidida,order,1,Ophiactidae,1,Ophiopholis,1,Ophiopholis_aculeata,1
1043,0,0,0,0,0,0,0,0,0,0,0,0,0,0,0,0,0,0,0,0,0,0,0,0,0,0,0,0,0,0,0,0,0,0,0,0,0,0,0,0,0,0,0,0,0,0,0,0,0,0,0,0,0,0,0,0,0,0,0,0,0,0,0,0,0,0,0,0,0,0,0,0,0,0,0,0,0,0,0,0,0,0,0,0,0,0,0,0,0,0,0,0,0,0,0,0,0,0,0,0,0,0,0,0,0,0,0,0,0,0,0,0,0,0,0,0,0,0,0,0,0,0,0,0,0,0,0,0,0,0,0,0,3658,0,0,5370,0,0,0,211,0,0,0,0,0,0,0,0,0,0,0,94,0,0,Echinodermata,1,Ophiuroidea,class,1,Amphilepidida,order,1,Ophiactidae,1,Ophiopholis,1,Ophiopholis_aculeata,1
1045,0,0,0,0,0,0,0,0,0,0,0,0,0,0,0,0,0,0,0,0,0,0,0,0,0,0,0,0,0,0,0,0,0,0,0,0,0,0,0,0,0,0,0,0,0,0,0,0,0,0,0,0,0,0,0,0,0,0,0,0,0,0,0,0,0,0,0,0,0,0,0,0,0,0,0,0,0,0,0,0,0,0,0,0,0,0,0,0,0,0,0,0,0,0,0,0,0,0,0,0,0,0,0,0,0,0,0,0,0,0,0,0,0,0,0,0,0,0,0,0,0,0,0,0,0,0,0,0,0,0,0,913,0,0,0,0,0,0,0,0,0,0,0,0,0,0,0,0,0,0,0,0,0,0,Echinodermata,1,Ophiuroidea,class,1,Amphilepidida,order,1,Ophiactidae,1,Ophiopholis,1,Ophiopholis_aculeata,1
1049,0,0,0,0,0,0,0,0,0,0,0,0,0,0,0,0,0,0,0,0,0,0,0,0,0,0,0,0,0,0,0,0,0,0,0,0,0,0,0,0,0,0,0,0,0,0,0,0,0,0,0,0,0,0,0,0,0,0,0,0,0,0,6871,0,0,0,0,0,0,0,0,0,0,0,0,0,0,0,0,0,0,0,0,0,0,0,0,0,0,0,0,0,0,0,0,0,0,0,0,0,0,0,0,0,0,0,0,0,0,0,0,0,0,0,0,0,0,0,0,0,0,0,0,0,0,0,0,0,0,0,204,0,0,0,90,0,0,0,243,0,210,183,226,0,305,163,246,181,301,0,0,0,0,0,Echinodermata,1,Ophiuroidea,class,1,Amphilepidida,order,1,Ophiactidae,1,Ophiopholis,1,Ophiopholis_aculeata,1
1050,0,0,0,0,0,0,0,0,0,0,0,0,0,0,0,0,0,0,10,0,0,0,0,0,0,0,0,0,0,0,0,0,0,0,0,0,0,0,0,0,0,0,0,0,0,0,0,0,0,0,0,0,0,0,0,0,0,0,0,0,0,0,0,0,0,0,0,0,0,0,0,0,0,0,0,0,0,0,0,0,0,0,0,0,0,0,0,0,0,0,0,0,0,0,0,0,0,0,0,0,0,0,0,0,0,0,0,0,0,0,0,0,0,0,0,0,0,0,0,0,0,0,0,0,0,0,0,0,0,0,10737,0,0,0,0,0,0,0,0,0,0,0,0,0,0,0,0,0,0,0,0,0,0,0,Echinodermata,1,Ophiuroidea,class,1,Amphilepidida,order,1,Ophiactidae,1,Ophiopholis,1,Ophiopholis_aculeata,1
1053,0,0,0,0,0,0,0,0,0,0,0,0,0,0,0,0,0,0,0,0,0,0,0,0,0,0,0,0,0,0,0,0,0,0,0,0,0,0,0,0,0,0,0,0,0,0,0,0,0,0,0,0,0,0,0,0,0,0,0,77,0,0,0,0,0,0,0,0,0,0,0,0,0,0,0,0,0,0,0,0,0,0,0,0,0,0,0,0,0,0,0,0,0,0,0,0,0,0,0,0,0,0,0,0,0,0,0,0,0,0,0,0,0,0,0,0,0,0,0,0,0,0,0,0,0,0,0,0,0,0,0,0,330,0,0,0,0,0,0,204,0,0,190,0,0,0,0,131,145,0,0,0,0,0,Echinodermata,1,Ophiuroidea,class,1,Amphilepidida,order,1,Ophiactidae,1,Ophiopholis,1,Ophiopholis_aculeata,1
1054,0,0,0,0,0,0,0,0,0,0,0,0,0,0,0,0,0,0,0,0,0,0,0,0,0,0,0,0,0,0,0,0,0,0,0,0,0,0,0,0,0,0,0,0,0,0,0,0,0,0,0,0,0,0,0,0,0,0,0,0,0,0,0,0,0,0,0,0,0,0,0,0,0,0,0,0,0,0,0,0,0,0,0,0,0,0,0,0,0,0,0,0,0,0,0,0,0,0,0,0,0,0,0,0,0,0,0,0,0,0,0,0,0,0,0,0,0,0,0,0,0,0,0,0,0,0,0,0,0,0,0,0,1975,0,0,0,0,0,0,0,0,0,0,0,0,0,0,0,0,0,0,0,0,0,Echinodermata,1,Ophiuroidea,class,1,Amphilepidida,order,1,Ophiactidae,1,Ophiopholis,1,Ophiopholis_aculeata,1
1055,0,0,0,0,0,0,0,0,0,0,0,0,0,0,0,0,0,0,0,0,0,0,0,0,0,0,0,0,0,0,0,0,0,0,0,0,0,0,0,0,0,0,0,0,0,0,0,0,0,0,0,0,0,423,0,0,0,0,0,0,0,0,0,0,0,0,0,0,0,0,0,0,0,0,0,0,0,0,0,0,0,0,0,0,0,0,0,0,0,0,0,0,0,0,0,0,0,0,0,0,0,0,0,0,0,0,0,0,0,0,0,0,0,0,0,0,0,0,0,0,0,0,0,0,0,0,0,0,0,0,0,0,0,0,0,0,0,0,0,0,0,0,0,0,0,0,0,0,0,0,0,0,0,0,Echinodermata,1,Ophiuroidea,class,1,Amphilepidida,order,1,Ophiactidae,1,Ophiopholis,1,Ophiopholis_aculeata,1
1057,0,0,0,0,21,0,0,0,0,0,0,0,0,0,0,0,0,0,0,0,0,0,0,0,0,0,0,0,0,0,0,0,0,0,0,0,0,0,0,0,0,0,0,0,0,0,0,0,0,0,0,0,0,0,0,0,0,0,0,0,0,0,0,0,0,0,0,0,0,0,0,0,0,0,0,0,0,0,0,0,0,0,0,0,0,0,0,0,0,0,0,0,0,0,0,0,0,0,0,0,0,0,0,0,0,0,0,0,0,0,0,0,0,0,0,0,0,0,0,0,0,0,0,0,0,0,0,0,0,0,0,0,0,0,18194,0,0,0,0,0,0,0,0,0,0,0,0,0,0,0,0,0,0,0,Echinodermata,1,Ophiuroidea,class,1,Amphilepidida,order,1,Ophiactidae,1,Ophiopholis,1,Ophiopholis_aculeata,1
1058,0,0,0,0,0,0,0,0,0,0,0,0,0,0,0,0,0,0,0,0,0,0,0,0,0,0,0,0,0,0,0,0,0,0,0,0,0,0,63,0,0,0,0,0,0,0,0,0,0,0,0,0,0,0,0,0,0,0,0,0,0,0,0,0,0,0,0,0,0,0,0,0,0,0,0,0,0,0,0,0,0,0,0,0,0,0,0,0,0,0,0,0,0,0,0,0,0,0,0,0,0,0,0,0,0,0,0,0,0,0,0,0,0,0,0,0,0,0,0,0,0,0,0,0,0,0,0,0,0,0,0,0,3043,0,0,0,0,0,0,0,0,0,0,0,0,0,0,0,0,0,0,0,0,0,Echinodermata,1,Ophiuroidea,class,1,Amphilepidida,order,1,Ophiactidae,1,Ophiopholis,1,Ophiopholis_aculeata,1
1059,0,25,49,29,0,0,19,12,25,90,0,0,0,0,0,0,0,0,0,0,0,0,0,0,0,0,0,0,0,0,0,13,0,0,0,0,147,0,229,188,403,356,167,111,178,91,84,62,65,84,0,0,38361,2099,15330,17217,21440,691,34632,1127,547,25790,387,23976,964,844,513,0,0,22,0,0,342,343,230,323,6975,313,246,215,348,307,319,333,204,242,450,334,394,272,0,12186,0,0,0,0,459,4067,2964,993,7337,513,266,252,290,27,0,152,287,122,100,98,97,0,134,273,194,141,224,48,121,198,189,126,56,0,210,72,289,0,28460,8281,14543,804,2084,7508,40,0,10249,10039,9775,13272,6777,0,12017,34873,10469,10329,9012,0,37,0,0,84,Echinodermata,1,Ophiuroidea,class,1,Amphilepidida,order,1,Ophiactidae,1,Ophiopholis,1,Ophiopholis_aculeata,1
1060,0,0,0,0,0,0,0,0,0,0,0,0,0,0,0,0,0,0,0,0,0,0,0,0,0,0,0,0,0,0,0,0,0,0,0,0,0,0,0,0,0,0,0,0,0,0,0,0,0,0,0,0,0,0,0,0,0,0,0,0,0,0,0,0,0,0,0,0,0,0,0,0,0,0,0,0,0,0,0,0,0,0,0,0,0,0,0,0,0,0,0,0,0,0,0,0,0,0,0,0,0,0,0,124,0,0,0,0,0,0,0,0,0,0,0,0,0,0,0,0,0,0,0,0,0,0,0,0,0,0,0,0,985,0,0,0,0,0,0,0,0,0,0,0,0,0,0,0,0,0,0,0,0,0,Echinodermata,1,Ophiuroidea,class,1,Amphilepidida,order,1,Ophiactidae,1,Ophiopholis,1,Ophiopholis_aculeata,1
1062,0,0,0,0,0,0,0,0,0,0,0,0,0,0,0,0,0,0,0,0,0,0,0,0,0,0,0,0,0,0,0,0,0,0,0,0,0,0,0,0,0,0,0,0,0,0,0,0,0,0,0,0,0,0,0,0,0,0,0,0,0,0,0,0,0,0,0,0,0,0,0,0,0,0,0,0,0,0,0,0,0,0,0,0,0,0,0,0,0,0,0,0,0,0,0,0,0,0,0,0,197,0,0,0,0,0,0,0,0,0,0,0,0,0,0,0,0,0,0,0,0,0,0,0,0,0,0,0,0,0,174,0,90,0,0,0,0,0,375,0,3066,0,150,0,233,0,187,121,169,0,0,0,0,0,Echinodermata,1,Ophiuroidea,class,1,Amphilepidida,order,1,Ophiactidae,1,Ophiopholis,1,Ophiopholis_aculeata,1
1063,0,0,0,0,0,0,0,0,0,0,0,0,0,0,0,0,0,0,0,0,0,0,0,0,0,0,0,0,0,0,0,0,0,0,0,0,0,0,0,0,0,0,0,0,0,0,0,0,0,0,0,0,1163,0,0,0,0,0,0,0,0,0,0,0,0,0,0,0,0,0,0,0,0,0,0,0,0,0,0,0,0,0,0,0,0,0,0,0,0,0,0,0,0,0,0,0,0,0,0,0,0,0,0,0,0,0,0,0,0,0,0,0,0,0,0,0,0,0,0,0,0,0,0,0,0,0,0,0,0,0,0,0,0,0,0,0,0,0,0,0,0,0,0,0,0,0,0,0,0,0,0,0,0,0,Echinodermata,1,Ophiuroidea,class,1,Amphilepidida,order,1,Ophiactidae,1,Ophiopholis,1,Ophiopholis_aculeata,1
1064,0,0,0,0,0,0,0,0,0,0,0,0,0,0,0,0,0,0,0,0,0,0,0,0,0,0,0,0,0,0,0,0,0,0,0,0,0,0,0,0,0,0,0,0,0,0,0,0,0,0,0,0,0,0,0,0,0,0,0,0,0,0,0,0,0,0,0,0,0,0,0,0,0,0,0,0,0,0,0,0,0,0,0,0,0,0,0,0,0,0,0,0,0,0,0,0,0,0,0,0,0,0,0,0,0,0,0,0,0,0,0,0,0,0,0,0,0,0,0,0,0,0,0,0,0,0,0,0,0,0,0,0,0,0,0,0,0,0,0,0,0,0,0,0,0,0,0,641,0,0,0,0,0,0,Echinodermata,1,Ophiuroidea,class,1,Amphilepidida,order,1,Ophiactidae,1,Ophiopholis,1,Ophiopholis_aculeata,1
1065,0,0,0,0,0,0,0,0,0,0,0,0,0,0,0,0,0,0,0,0,0,0,0,0,0,0,0,0,0,0,0,0,0,0,0,0,0,0,0,0,0,0,0,0,0,0,0,0,0,0,0,0,0,0,0,0,0,0,0,0,0,0,0,0,0,0,0,0,0,0,0,0,0,0,0,0,0,0,0,0,0,0,0,0,0,0,0,0,0,0,0,0,0,0,0,0,0,0,0,0,0,0,0,0,0,0,0,0,0,0,0,0,0,0,0,0,0,0,0,0,0,0,0,0,0,0,0,0,0,0,4379,0,0,0,0,0,0,0,0,0,0,0,0,0,0,0,0,0,0,0,0,0,0,0,Echinodermata,1,Ophiuroidea,class,1,Amphilepidida,order,1,Ophiactidae,1,Ophiopholis,1,Ophiopholis_aculeata,1
1066,0,0,0,0,0,0,0,0,0,0,0,0,0,0,0,0,0,0,0,0,0,0,0,0,0,0,0,0,0,0,0,0,0,0,0,0,0,0,0,0,0,0,0,0,0,0,0,0,0,0,0,0,0,0,0,0,0,0,0,0,0,0,0,0,0,0,0,0,0,0,0,0,0,0,0,0,0,0,0,0,0,0,0,0,0,0,0,0,0,0,0,0,0,0,0,0,0,0,0,0,0,0,0,0,0,0,0,0,0,0,0,0,0,0,0,0,0,0,0,0,0,0,0,0,0,0,0,0,0,0,0,0,0,0,15746,0,0,0,0,0,0,0,0,0,0,0,0,0,0,0,0,0,0,0,Echinodermata,1,Ophiuroidea,class,1,Amphilepidida,order,1,Ophiactidae,1,Ophiopholis,1,Ophiopholis_aculeata,1
1067,0,0,0,0,0,0,0,0,0,0,0,0,0,0,0,0,0,0,0,0,0,0,0,0,0,0,0,0,0,0,0,0,0,0,0,0,0,0,0,0,13733,0,0,0,0,0,0,0,0,0,0,0,0,0,0,0,0,0,0,0,0,0,0,0,0,0,0,0,0,0,0,0,0,0,0,0,0,0,0,0,0,0,0,0,0,0,0,0,0,0,0,0,0,0,0,0,0,0,0,0,0,0,0,0,0,0,0,0,0,0,0,0,0,0,0,0,0,0,0,0,0,0,0,0,0,0,0,0,0,0,0,0,0,0,0,0,0,0,0,0,0,0,0,0,0,0,0,0,0,0,0,0,0,0,Echinodermata,1,Ophiuroidea,class,1,Amphilepidida,order,1,Ophiactidae,1,Ophiopholis,1,Ophiopholis_aculeata,1
1069,0,0,0,0,0,0,0,0,0,0,0,0,0,0,0,0,0,0,0,0,0,0,0,0,0,0,0,0,0,0,0,0,0,0,14,0,0,0,0,0,70,83,0,0,0,0,0,0,0,0,0,0,6754,556,0,0,0,87,0,113,0,234,0,11135,117,158,87,0,0,0,0,0,0,0,0,0,0,0,0,49,0,0,0,0,0,0,0,0,0,0,0,0,0,0,0,0,2521,0,105,120,129,63,0,0,0,0,0,0,0,0,0,0,0,0,0,0,0,0,0,0,0,0,0,0,0,0,0,0,0,0,1170,0,471,12034,278,199,0,0,974,12925,1158,739,991,0,1194,612,1131,920,5540,0,0,0,0,0,Echinodermata,1,Ophiuroidea,class,1,Amphilepidida,order,1,Ophiactidae,1,Ophiopholis,1,Ophiopholis_aculeata,1
1072,0,0,0,0,0,0,0,0,0,0,0,0,0,0,0,0,0,0,0,0,0,0,0,0,0,0,0,0,0,0,0,0,0,0,0,0,0,0,0,0,0,0,0,0,0,0,0,0,0,0,0,0,0,0,0,0,0,0,0,0,0,0,0,0,0,0,0,0,0,0,0,0,0,0,0,0,0,0,0,0,0,0,0,0,0,0,0,0,0,0,0,135,0,0,0,0,0,0,0,196,0,132,0,0,0,0,0,0,0,0,0,0,0,0,0,0,0,0,0,0,0,0,0,0,0,0,0,0,0,0,199,0,0,0,0,0,0,0,0,0,0,0,334,0,0,0,564,0,0,0,0,0,0,0,Echinodermata,1,Ophiuroidea,class,1,Amphilepidida,order,1,Ophiactidae,1,Ophiopholis,1,Ophiopholis_aculeata,1
1073,0,0,0,0,0,0,0,0,0,0,0,0,0,0,0,0,0,0,0,0,0,0,0,0,0,0,0,0,0,0,0,0,0,0,0,0,0,0,0,0,0,0,0,0,0,0,0,0,0,0,0,0,0,0,0,0,0,0,0,0,0,0,0,0,0,0,0,0,0,0,0,0,0,0,0,0,0,0,799,0,0,0,0,0,0,0,0,0,0,0,0,0,0,0,0,0,0,0,173,0,0,0,0,0,0,0,0,0,0,0,0,0,0,0,0,0,0,0,0,0,0,0,0,0,0,0,0,0,0,0,213,196,0,7,0,0,0,0,71,290,0,0,0,0,0,0,0,0,0,0,0,0,0,0,Echinodermata,1,Ophiuroidea,class,1,Amphilepidida,order,1,Ophiactidae,1,Ophiopholis,1,Ophiopholis_aculeata,1
1074,0,0,0,0,0,0,0,0,0,0,0,0,0,0,0,0,0,0,0,0,0,0,0,0,0,0,0,0,0,0,0,0,0,0,0,0,0,0,0,0,0,0,0,0,0,0,0,0,0,0,0,0,0,0,0,0,0,0,0,0,0,0,0,0,0,0,0,0,0,0,0,0,0,0,0,0,0,0,0,0,0,0,0,0,0,0,0,0,0,0,0,0,0,0,0,0,0,0,0,0,0,0,0,0,0,0,0,0,0,0,0,0,0,0,0,0,0,0,0,0,0,0,0,0,0,0,0,0,0,0,0,0,0,0,566,0,0,0,0,0,0,0,0,0,0,0,0,0,0,0,0,0,0,0,Echinodermata,1,Ophiuroidea,class,1,Amphilepidida,order,1,Ophiactidae,1,Ophiopholis,1,Ophiopholis_aculeata,1
1075,0,0,0,0,0,0,0,0,0,0,0,0,0,0,0,0,0,0,0,0,0,0,0,0,0,0,0,0,0,0,0,0,0,0,0,0,0,0,0,0,0,0,0,0,0,0,0,0,0,0,0,0,1171,0,0,0,0,0,0,0,0,0,0,0,0,0,0,0,0,0,0,0,0,0,0,0,0,0,0,0,0,0,0,0,0,0,0,0,0,0,0,431,0,0,0,0,0,0,0,0,241,0,0,0,0,0,0,0,0,0,0,0,0,0,0,0,0,0,0,0,0,0,0,0,0,0,0,0,0,0,901,262,0,0,0,0,0,0,339,334,270,0,195,0,0,0,305,0,0,0,0,0,0,0,Echinodermata,1,Ophiuroidea,class,1,Amphilepidida,order,1,Ophiactidae,1,Ophiopholis,1,Ophiopholis_aculeata,1
1076,0,0,0,0,0,0,0,0,0,0,0,0,0,0,0,0,0,0,0,0,0,0,0,0,0,0,0,0,0,0,0,0,0,0,0,0,0,0,0,0,0,0,0,0,0,0,0,0,0,0,0,0,193,0,0,0,0,0,0,0,0,0,0,0,0,0,0,0,0,0,0,0,0,0,0,0,0,0,0,0,0,0,0,0,0,0,0,0,0,0,0,0,0,0,0,0,0,0,0,0,0,0,0,0,0,0,0,0,0,0,0,0,0,0,0,0,0,0,0,0,0,0,0,0,0,0,0,0,0,0,0,0,0,370,0,0,0,0,0,425,0,0,0,0,0,0,0,0,0,0,0,0,0,0,Echinodermata,1,Ophiuroidea,class,1,Amphilepidida,order,1,Ophiactidae,1,Ophiopholis,1,Ophiopholis_aculeata,1
1102,0,0,0,0,0,0,0,0,0,0,0,0,0,0,0,0,0,0,0,0,0,0,0,0,0,0,0,0,0,0,0,0,0,0,4,0,101,55,106,434,19,35,1342,689,3678,0,11,0,54,37,0,0,164,206,155,16,0,0,120,208,176,5109,370,1204,14,0,0,0,0,0,0,0,272,267,120,79,258,123,83,77,94,449,628,512,718,466,346,0,4,0,0,0,0,0,0,0,461,341,888,1002,8068,711,25,10,0,0,0,384,519,377,152,295,1855,0,672,257,312,113,85,0,0,0,0,0,0,0,33,0,26,0,352,85,138,167,458,319,0,0,1970,2622,1736,1018,1702,0,1138,859,1698,1334,1107,0,0,24,0,33,Mollusca,1,Bivalvia,class,1,Pectinida,order,1,Pectinidae,1,Chlamys,1,Chlamys_islandica,1
